,url,prodname,price
0,https://www.quickwhip.com.au/collections/all/products/new-2022-miamimagic-9g-cream-chargers-100pks,*NEW 2024* Miami Magic 9g! Cream Chargers  - 10pks,$10.45
1,https://www.quickwhip.com.au/collections/all/products/new-2024-quickwhip-pro-9g-cream-chargers-100pks,*NEW 2024* QuickWhip PRO 9g! Cream Chargers  - 100pks,$38.95
2,https://www.quickwhip.com.au/collections/all/products/new-2024-quickwhip-pro-9g-cream-chargers-10pks,*NEW 2024* QuickWhip PRO 9g! Cream Chargers  - 10pks,$9.95
3,https://www.quickwhip.com.au/collections/all/products/1-liter-isi-cream-profi-whip-plus-whipped-cream-dispenser,1 Liter iSi Cream Profi Whip Plus Whipped Cream Dispenser,$155.95
4,https://www.quickwhip.com.au/collections/all/products/1000ml-isi-classic-soda-syphon,1000ml iSi Classic Soda Syphon,$159.95
5,https://www.quickwhip.com.au/collections/all/products/1000ml-isi-soda-syphon-silver-stainless-steel,1000ml iSi Soda Syphon -Silver - Stainless Steel,$145.95
6,https://www.quickwhip.com.au/collections/all/products/1000ml-quickwhip-soda-syphon-red-aluminium,1000ml Quickwhip Soda Syphon -Red - Aluminium,$59.95
7,https://www.quickwhip.com.au/collections/all/products/1000ml-cookbasics-soda-syphon-silver-aluminium,1000ml Quickwhip Soda Syphon -Silver - Aluminium,$59.95
8,https://www.quickwhip.com.au/collections/all/products/1l-isi-nitro-dispenser-silver-stainless-steel,1L iSi Nitro  Dispenser - Silver - Stainless Steel,$199.95
9,https://www.quickwhip.com.au/collections/all/products/8g-n20-bulb-holder-aluminium-universal,8g N20 - Bulb Holder - Aluminium- Universal,$6.95
10,https://www.quickwhip.com.au/collections/all/products/8g-n20-bulb-holder-plastic-universal,8g N20 - Bulb Holder - Plastic - Universal,$6.95
11,https://www.quickwhip.com.au/collections/all/products/8g-n20-bulb-holder-stainless-steel-universal,8g N20 - Bulb Holder - Stainless Steel - Universal,$9.95
12,https://www.quickwhip.com.au/collections/all/products/8g-n20-bulb-holder-transparant-universal,8g N20 - Bulb Holder - Transparant - Universal,$7.95
13,https://www.quickwhip.com.au/collections/all/products/accessories-pack-transparent-plastic-nozzels-x-3-cleaning-brush,Accessories Pack - Transparent Plastic Nozzels x 3 + Cleaning brush + Bulb holder,$11.95
14,https://www.quickwhip.com.au/collections/all/products/baking-bad-2-2lg-cannister,Baking Bad 2.2Lg Cannister,$99.95
15,https://www.quickwhip.com.au/collections/all/products/baking-bad-3-3l-2050g-cannister,Baking Bad 3.3L/ 2050g Cannister,$149.95
16,https://www.quickwhip.com.au/collections/all/products/baking-bad-615g-cannister,Baking Bad 615g Cannister,$278
17,https://www.quickwhip.com.au/collections/all/products/bestwhip-cream-chargers-8g-10pks,BestWhip Cream Chargers 8g - 10pks,$7.95
18,https://www.quickwhip.com.au/collections/all/products/bestwhip-cream-chargers-8g-50pks,BestWhip Cream Chargers 8g - 50pks,$36.95
19,https://www.quickwhip.com.au/collections/all/products/ceracoal-ceramic-frypan,CERACOAL CERAMIC FRYPAN,$22.95
20,https://www.quickwhip.com.au/collections/all/products/ceracoal-ceramic-sauce-pan,CERACOAL CERAMIC SAUCE PAN & LID,$24.95
21,https://www.quickwhip.com.au/collections/all/products/ceracoal-imfini-ceramic-casserole-pot-lid,Ceracoal Imfini Ceramic coated Casserole pot + Lid,$29.95
22,https://www.quickwhip.com.au/collections/all/products/combo-deal-1l-isi-nitro-dispenser-silver-stainless-steel-48-isi-nirto-chargers,Combo deal 1L iSi Nitro  Dispenser - Silver - Stainless Steel & 48 iSi Nirto Chargers,$249.95
23,https://www.quickwhip.com.au/collections/all/products/dispenser-head-rubber-gasket,Dispenser Head rubber gasket,$7.95
24,https://www.quickwhip.com.au/collections/all/products/doble-cutting-board-set-stand,Doble cutting board set & Stand,$34.95
25,https://www.quickwhip.com.au/collections/all/products/copy-of-freshwhip-cream-chargers-0-5l-green-camo-print-dispenser-100-10x-10pks,FreshWhip Cream Chargers + 0.5L Green Camo Print Dispenser | 100 - (10x 10pks) |,$102.95
26,https://www.quickwhip.com.au/collections/all/products/freshwhip-cream-chargers-0-5l-green-camo-print-dispenser-100-2x-50pks,FreshWhip Cream Chargers + 0.5L Green Camo Print Dispenser | 100 - (2x 50pks) |,$102.95
27,https://www.quickwhip.com.au/collections/all/products/freshwhip-cream-chargers-0-5l-red-camo-print-dispenser-100-10x-10pks,FreshWhip Cream Chargers + 0.5L Red Camo Print Dispenser | 100 - (10x 10pks) |,$102.95
28,https://www.quickwhip.com.au/collections/all/products/freshwhip-cream-chargers-0-5l-red-camo-print-dispenser-100-2x-50pks,FreshWhip Cream Chargers + 0.5L Red Camo Print Dispenser | 100 - (2x 50pks) |,$102.95
29,https://www.quickwhip.com.au/collections/all/products/freshwhip-cream-chargers-8-2g-50pks,FreshWhip Mint Infusion Chargers 8.2g - 50pks,$34.95
30,https://www.quickwhip.com.au/collections/all/products/freshwhip-cream-chargers-8-2g-10pks,FreshWhip Mint Infusion Chargers 8.2g – 10pks,$9.49
31,https://www.quickwhip.com.au/collections/all/products/new-freshwhip-strawberry-infusion-chargers-8-2g-50pks,FreshWhip Strawberry Infusion Chargers 8.2g - 50pks,$34.95
32,https://www.quickwhip.com.au/collections/all/products/new-freshwhip-strawberry-infusion-chargers-8-2g-10pks,FreshWhip STRAWBERRY Infusion Chargers 8.2g – 10pks,$9.49
33,https://www.quickwhip.com.au/collections/all/products/600-supremewhip-cream-chargers-8-2g-n20-overstock-damaged-packaging,Full cartons Various Cream Chargers 8 - 8.4g N20 - damaged packaging / overstock,$278
34,https://www.quickwhip.com.au/collections/all/products/infusionmax-580g-n2o-cannister,Infusionmax NOW 615g N2O Cannister,$278
35,https://www.quickwhip.com.au/collections/all/products/infusionwhip-580g-apple-flavoured-n2o-cannister,Infusionwhip 580g Apple Flavoured N2O Cannister,$278
36,https://www.quickwhip.com.au/collections/all/products/infusionwhip-580g-blueberry-mango-flavoured-n2o-cannister,Infusionwhip 580g Blueberry Mango Flavoured N2O Cannister,$278
37,https://www.quickwhip.com.au/collections/all/products/infusionwhip-580g-flavoured-n2o-cannister-mixed-carton,Infusionwhip 580g Flavoured N2O Cannister Mixed carton,$278
38,https://www.quickwhip.com.au/collections/all/products/infusionwhip-580g-rainbow-candy-flavoured-n2o-cannister,Infusionwhip 580g Rainbow Candy Flavoured N2O Cannister,$278
39,https://www.quickwhip.com.au/collections/all/products/infusionwhip-580g-strawberry-flavoured-n2o-cannister,Infusionwhip 580g Strawberry Flavoured N2O Cannister,$278
40,https://www.quickwhip.com.au/collections/all/products/copy-of-infusionwhip-580g-watermelon-lemon-flavoured-n2o-cannister,Infusionwhip 580g Watermelon Lemon Flavoured N2O Cannister,$278
41,https://www.quickwhip.com.au/collections/all/products/isi-0-5l-stainless-steel-thermo-whipper-1801,iSi 0.5L Stainless Steel Thermo Whipper – 1801,$189.95
42,https://www.quickwhip.com.au/collections/all/products/isi-1l-stainless-steel-thermo-express-whipper-1805,iSi 1L Stainless Steel Thermo Express Whipper – 1805,$249.95
43,https://www.quickwhip.com.au/collections/all/products/isi-a-culinary-journey,iSi A Culinary Journey,$69.95
44,https://www.quickwhip.com.au/collections/all/products/isi-charger-holder-2349,iSi Charger Holder- 2349,$29.95
45,https://www.quickwhip.com.au/collections/all/products/isi-charger-holder-nitro-whip-only,iSi Charger Holder- NITRO whip only,$29.95
46,https://www.quickwhip.com.au/collections/all/products/isi-cream-profi-whip-plus-whipped-cream-dispenser-0-5l,iSi Cream Profi Whip Plus Whipped Cream Dispenser 0.5L,$145.95
47,https://www.quickwhip.com.au/collections/all/products/isi-cream-whipper-rapid-infusion-kit-for-isi-gourmet-whip-cream-whipper,iSi Cream Whipper Rapid Infusion Kit for iSi Gourmet Whip Cream Whipper,$39.95
48,https://www.quickwhip.com.au/collections/all/products/isi-culinary-inspirations-cookbook,iSi Culinary Inspirations Cookbook,$27.95
49,https://www.quickwhip.com.au/collections/all/products/copy-of-isi-gourmet-whip-plus-cream-whipped-cream-dispenser-1l,iSi Easy Whip Stainless Steel Cream Whipper 0.5L,$104.95
50,https://www.quickwhip.com.au/collections/all/products/isi-easy-whip-stainless-steel-cream-whipper-compact-0-25l,iSi Easy Whip Stainless Steel Cream Whipper compact 0.25L,$94.95
51,https://www.quickwhip.com.au/collections/all/products/isi-gourmet-whip-plus-cream-whipped-cream-dispenser-0-25l,iSi Gourmet Whip Plus Cream Whipped Cream Dispenser 0.25L,$159.95
52,https://www.quickwhip.com.au/collections/all/products/isi-gourmet-whip-plus-cream-whipped-cream-dispenser-0-5l,iSi Gourmet Whip Plus Cream Whipped Cream Dispenser 0.5L,$189.95
53,https://www.quickwhip.com.au/collections/all/products/isi-gourmet-whip-plus-cream-whipped-cream-dispenser-1l,iSi Gourmet Whip Plus Cream Whipped Cream Dispenser 1L,$199.95
54,https://www.quickwhip.com.au/collections/all/products/isi-gourmet-whip-plus-cream-whipped-cream-dispenser-replacement-head,iSi Gourmet Whip Plus Cream Whipped Cream Dispenser Replacement head,$119.95
55,https://www.quickwhip.com.au/collections/all/products/isi-cream-whipper,iSi Gourmet Whip Silicone heat protectors 3pk 0.5L,$31.95
56,https://www.quickwhip.com.au/collections/all/products/isi-gourmet-whip-silicone-heat-protectors-3pk-1l,iSi Gourmet Whip Silicone heat protectors 3pk 1L,$31.95
57,https://www.quickwhip.com.au/collections/all/products/isi-head-valve-for-profi-dispenser-2205,iSi Head Valve for Profi Dispenser – 2205,$19.95
58,https://www.quickwhip.com.au/collections/all/products/isi-nitro-chargers-pure-nitrogen-chargers,iSi Nitro Chargers - Pure Nitro Chargers 16PK,$26.95
59,https://www.quickwhip.com.au/collections/all/products/isi-nitro-head-gasket,iSi Nitro Head Gasket,$11.95
60,https://www.quickwhip.com.au/collections/all/products/isi-professional-cream-chargers-8-4g-10-10pk,ISI Professional Cream Chargers 8.4g - 10pks,$12.95
61,https://www.quickwhip.com.au/collections/all/products/isi-silicone-head-gasket-2290,iSi Silicone Head Gasket- 2290,$11.95
62,https://www.quickwhip.com.au/collections/all/products/isi-soda-chargers,iSi Soda Chargers - 10pks,$9.95
63,https://www.quickwhip.com.au/collections/all/products/isi-stainless-steel-funnel-with-sieve-set,iSi Stainless steel funnel with sieve set,$84.95
64,https://www.quickwhip.com.au/collections/all/products/isi-stainless-steel-injector-tips-set-of-4,iSi Stainless Steel Injector Tips – Set of 4,$52.95
65,https://www.quickwhip.com.au/collections/all/products/isi-stainless-steel-tips-set-of-3,iSi Stainless Steel Tips (set of 3),$39.95
66,https://www.quickwhip.com.au/collections/all/products/isi-straight-tip-without-teeth-3041,iSi Straight Tip Without Teeth – 3041,$9.95
67,https://www.quickwhip.com.au/collections/all/products/isi-straight-tip-2245,iSi Straight Tip – 2245,$9.95
68,https://www.quickwhip.com.au/collections/all/products/isi-tulip-tip-2206,iSi Tulip Tip – 2206,$9.95
69,https://www.quickwhip.com.au/collections/all/products/isi-twist-sparkle,iSi Twist & Sparkle,$99.95
70,https://www.quickwhip.com.au/collections/all/products/isi-whipper-holder,iSi Whipper Holder,$93.95
71,https://www.quickwhip.com.au/collections/all/products/miami-magic-infusions-2-2l-n2o-cannister,Miami Magic Infusions 2.2L N2O Cannister,$84.95
72,https://www.quickwhip.com.au/collections/all/products/miami-magic-infusions-2048g-3-3l-n2o-cannister,Miami Magic Infusions 2050g / 3.3L Cannister,$278
73,https://www.quickwhip.com.au/collections/all/products/wholesale-miami-magic-infusions-320g-n2o-cannister,Miami Magic Infusions 320g N2O Cannister,$37.95
74,https://www.quickwhip.com.au/collections/all/products/miami-magic-infusions-615g-n2o-cannister,Miami Magic Infusions 615g N2O Cannister,$278
75,https://www.quickwhip.com.au/collections/all/products/miami-magic-infusions-640g-aluminium-n2o-cannister,Miami Magic Infusions 640g Aluminum N2O Cannister,$59.95
76,https://www.quickwhip.com.au/collections/all/products/mixed-flavours-infusionwhip-freshwhip-infusion-chargers-8-2g-10pks,Mixed flavours Infusionwhip / FreshWhip  infusion Chargers 8.2g - 10pks,$278
77,https://www.quickwhip.com.au/collections/all/products/supremewhip-banana-flavour-cream-chargers-8-2g-100pks,NEW 2022 SupremeWhip Banana Flavour Cream Chargers 8.2g - 100pks,$29.95
78,https://www.quickwhip.com.au/collections/all/products/new-infusionwhip-infusion-chargers-8-2g-50pks,New Infusionwhip Banana Infusion Chargers 8.2g - 10pks,$9.95
79,https://www.quickwhip.com.au/collections/all/products/new-infusionwhip-blueberry-infusion-chargers-8-2g-10pks,New Infusionwhip Blueberry Infusion Chargers 8.2g - 10pks,$9.95
80,https://www.quickwhip.com.au/collections/all/products/new-infusionwhip-cherry-infusion-chargers-8-2g-10pks,New Infusionwhip Cherry Infusion Chargers 8.2g - 10pks,$9.95
81,https://www.quickwhip.com.au/collections/all/products/new-infusionwhip-coconut-infusion-chargers-8-2g-10pks,New Infusionwhip Coconut Infusion Chargers 8.2g - 10pks,$9.95
82,https://www.quickwhip.com.au/collections/all/products/new-infusionwhip-mango-infusion-chargers-8-2g-10pks,New Infusionwhip Mango Infusion Chargers 8.2g - 10pks,$9.95
83,https://www.quickwhip.com.au/collections/all/products/new-infusionwhip-peach-infusion-chargers-8-2g-10pks,New Infusionwhip Peach Infusion Chargers 8.2g - 10pks,$9.95
84,https://www.quickwhip.com.au/collections/all/products/new-infusionwhip-pineapple-infusion-chargers-8-2g-10pks,New Infusionwhip Pineapple Infusion Chargers 8.2g - 10pks,$9.95
85,https://www.quickwhip.com.au/collections/all/products/new-infusionwhip-watermelon-infusion-chargers-8-2g-10pks,New Infusionwhip Watermelon Infusion Chargers 8.2g - 10pks,$9.95
86,https://www.quickwhip.com.au/collections/all/products/quickfizz-soda-plus,QuickFizz Soda Plus 1000ml,$44.95
87,https://www.quickwhip.com.au/collections/all/products/copy-of-quickwhip-compact-cream-dispenser-125ml-all-metal-various-colours,QuickWhip Compact Cream Dispenser 0.125L – All metal- Various colours,$49.95
88,https://www.quickwhip.com.au/collections/all/products/quickwhip-cream-chargers-600-x-8-0g-n20-overstock-25-x-24pks,QuickWhip Cream Chargers - 8.0g/9g N20 - Overstock,$278
89,https://www.quickwhip.com.au/collections/all/products/quickwhip-cream-chargers-8g-10pks,QuickWhip Cream Chargers 8g - 10pks,$6.95
90,https://www.quickwhip.com.au/collections/all/products/quickwhip-cream-chargers-8g-50pks,QuickWhip Cream Chargers 8g - 50pks,$30.95
91,https://www.quickwhip.com.au/collections/all/products/quickwhip-cream-dispenser-0-25l-new-2022-model-various-colours,QuickWhip Cream Dispenser 0.25L – NEW 2022 Model Various colours,$46.95
92,https://www.quickwhip.com.au/collections/all/products/copy-of-quickwhip-cream-dispenser-0-5l-transparant-head-various-colours,QuickWhip Cream Dispenser 0.25L – Transparant head - Various colours,$47.95
93,https://www.quickwhip.com.au/collections/all/products/supremewhip-cream-dispenser-0-5l-green-camo-new,QuickWhip Cream Dispenser 0.5L – Green Camo,$56.95
94,https://www.quickwhip.com.au/collections/all/products/quickwhip-cream-dispenser-0-5l-new-2022-model-various-colours,QuickWhip Cream Dispenser 0.5L – NEW 2022 Model Various colours,$49.95
95,https://www.quickwhip.com.au/collections/all/products/supremewhip-cream-dispenser-0-5l-red-camo-new,QuickWhip Cream Dispenser 0.5L – Red Camo,$56.95
96,https://www.quickwhip.com.au/collections/all/products/quickwhip-cream-dispenser-0-5l-silver,QuickWhip Cream Dispenser 0.5L – Silver,$59.95
97,https://www.quickwhip.com.au/collections/all/products/quickwhip-cream-dispenser-0-5l-skull-print,QuickWhip Cream Dispenser 0.5L – Skull Print,$56.95
98,https://www.quickwhip.com.au/collections/all/products/quickwhip-cream-dispenser-0-5l-black,QuickWhip Cream Dispenser 0.5L – Transparant head Various colours,$49.95
99,https://www.quickwhip.com.au/collections/all/products/quickwhip-cream-dispenser-1l-silver,QuickWhip Cream Dispenser 1L – Silver,$64.95
100,https://www.quickwhip.com.au/collections/all/products/quickwhip-pro-cream-dispenser-0-5l-full-stainless-steel,QuickWhip PRO Cream Dispenser 0.5L – FULL STAINLESS STEEL,$84.95
101,https://www.quickwhip.com.au/collections/all/products/quickwhip-pro-cream-dispenser-1l-full-stainless-steel,QuickWhip PRO Cream Dispenser 1L – FULL STAINLESS STEEL,$97.95
102,https://www.quickwhip.com.au/collections/all/products/quickwhip-precision-injector-tips,Quickwhip- Precision Injector Tips,$24.95
103,https://www.quickwhip.com.au/collections/all/products/replacement-valve,Replacement Dispenser Valve,$7.95
104,https://www.quickwhip.com.au/collections/all/products/stainless-steel-cocktail-kit,Stainless steel bar set,$44.95
105,https://www.quickwhip.com.au/collections/all/products/starter-pack-pro-isi-pro-gastro-set-whipper-chargers-funnel-seive-rapid-infusion,Starter Pack PRO - iSi PRO Gastro Set - 0.5L Whipper - Chargers - Funnel - Seive - Rapid Infusion,$299.95
106,https://www.quickwhip.com.au/collections/all/products/starter-packs-freshwhip-cream-chargers-0-5l-camo-print-dispenser,Starter Packs - FreshWhip Cream Chargers + 0.5L Green Camo Print Dispenser,$102.95
107,https://www.quickwhip.com.au/collections/all/products/starter-packs-freshwhip-cream-chargers-0-5l-red-camo-print-dispenser,Starter Packs - FreshWhip Cream Chargers + 0.5L RED Camo Print Dispenser,$102.95
108,https://www.quickwhip.com.au/collections/all/products/starter-packs-supremewhip-cream-chargers-0-125l-compact-dispenser,Starter Packs - SupremeWhip Cream Chargers + 0.125L Compact Dispenser RED,$99.95
109,https://www.quickwhip.com.au/collections/all/products/starter-packs-supremewhip-cream-chargers-0-125l-compact-dispenser-silver,Starter Packs - SupremeWhip Cream Chargers + 0.125L Compact Dispenser SILVER,$99.95
110,https://www.quickwhip.com.au/collections/all/products/starter-packs-supremewhip-cream-chargers-0-25l-dispenser-black,Starter Packs - SupremeWhip Cream Chargers + 0.25L Dispenser BLACK,$119.95
111,https://www.quickwhip.com.au/collections/all/products/starter-packs-supremewhip-cream-chargers-0-25l-dispenser-white,Starter Packs - SupremeWhip Cream Chargers + 0.25L Dispenser WHITE,$89.95
112,https://www.quickwhip.com.au/collections/all/products/starter-packs-supremewhip-cream-chargers-0-5l-dispenser-black,Starter Packs - SupremeWhip Cream Chargers + 0.5L Dispenser BLACK,$92.95
113,https://www.quickwhip.com.au/collections/all/products/starter-packs-supremewhip-cream-chargers-0-5l-dispenser-white,Starter Packs - SupremeWhip Cream Chargers + 0.5L Dispenser WHITE,$92.95
114,https://www.quickwhip.com.au/collections/all/products/starter-packs-supremewhip-cream-chargers-0-5l-full-metal-dispenser-silver,Starter Packs - SupremeWhip Cream Chargers + 0.5L Full Metal Dispenser SILVER,$109.95
115,https://www.quickwhip.com.au/collections/all/products/starter-packs-supremewhip-cream-chargers-0-5l-full-stainless-dispenser-silver,Starter Packs - SupremeWhip Cream Chargers + 0.5L Full Stainless Dispenser SILVER,$129.95
116,https://www.quickwhip.com.au/collections/all/products/starter-packs-supremewhip-cream-chargers-0-5l-skull-print-dispenser,Starter Packs - SupremeWhip Cream Chargers + 0.5L green camo Print Dispenser,$107.95
117,https://www.quickwhip.com.au/collections/all/products/starter-packs-supremewhip-cream-chargers-0-5l-red-camo-print-dispenser,Starter Packs - SupremeWhip Cream Chargers + 0.5L Red Camo Print Dispenser,$107.95
118,https://www.quickwhip.com.au/collections/all/products/starter-pack-supremewhip-cream-chargers-skull,Starter Packs - SupremeWhip Cream Chargers + 0.5L SKULL Print Dispenser,$102.95
119,https://www.quickwhip.com.au/collections/all/products/starter-packs-supremewhip-cream-chargers-1l-full-metal-dispenser-silver,Starter Packs - SupremeWhip Cream Chargers + 1L Full Metal Dispenser SILVER,$122.95
120,https://www.quickwhip.com.au/collections/all/products/starter-packs-supremewhip-cream-chargers-1l-full-stainless-dispenser-silver,Starter Packs - SupremeWhip Cream Chargers + 1L Full Stainless Dispenser SILVER,$152.95
121,https://www.quickwhip.com.au/collections/all/products/supremewhip-cream-chargers-8g-50pks,SupremeWhip Cream Chargers 8.2g - 50pks,$32.95
122,https://www.quickwhip.com.au/collections/all/products/supremewhip-cream-chargers-10pks,SupremeWhip Cream Chargers 8.2g – 10pks,$7.49
123,https://www.quickwhip.com.au/collections/all/products/supremewhip-cream-chargers-8g-100pks,SupremeWhip Cream Chargers 8g - 100pks,$55.95
124,https://www.quickwhip.com.au/collections/all/products/coming-soon-supremewhip-cream-dispenser-0-52l-black,SupremeWhip Cream Dispenser 0.25L – BLACK,$47.95
125,https://www.quickwhip.com.au/collections/all/products/coming-soon-supremewhip-cream-dispenser-0-25l-white,SupremeWhip Cream Dispenser 0.25L – WHITE,$47.95
126,https://www.quickwhip.com.au/collections/all/products/coming-soon-supremewhip-cream-dispenser-0-5l-black,SupremeWhip Cream Dispenser 0.5L – BLACK,$48.95
127,https://www.quickwhip.com.au/collections/all/products/quickwhip-cream-dispenser-0-5l-white,SupremeWhip Cream Dispenser 0.5L – White,$48.95
128,https://www.quickwhip.com.au/collections/all/products/supremewhip-pro-cream-dispenser-0-5l-new-2022-model-various-colours,SupremeWhip PRO Cream Dispenser 0.5L – NEW 2022 Model Various colours,$59.95
129,https://www.quickwhip.com.au/collections/all/products/supremewhipmax-580g-n2o-cannister,SupremewhipMAX 580g Cannister,$278
130,https://www.quickwhip.com.au/collections/all/products/supremewhipmax-640g-n2o-cannister,SupremewhipMAX 640g N2O Cannister,$278
131,https://www.quickwhip.com.au/collections/all/products/universal-dispenser-head-set-transparent-plastic-nozzels-x-3-cleaning-brush-bulb-holder,Universal Dispenser Head set - Transparent Plastic Nozzels x 3 + Cleaning brush + Bulb holder,$32.95
132,https://www.quickwhip.com.au/collections/all/products/infusionmax-pressure-regulator-set,Universal Quick release Pressure regulator set,$94.95
133,https://www.quickwhip.com.au/collections/all/products/whip-it-cream-dispenser-0-25l-various-colours,Whip-It Cream Dispenser 0.25L –  Various colours,$58.95
134,https://www.quickwhip.com.au/collections/all/products/whip-it-cream-dispenser-0-5l-various-colours,Whip-It Cream Dispenser 0.5L –  Various colours,$61.95
135,https://www.quickwhip.com.au/collections/all/products/whip-it-cream-chargers-600-100pks,Whip-It! Cream Chargers - 100pks,$69.95
136,https://www.quickwhip.com.au/collections/all/products/whip-it-cream-chargers-360-10pks,Whip-It! Cream Chargers - 10pks,$14.95
137,https://www.quickwhip.com.au/collections/all/products/whip-it-cream-chargers-50pks,Whip-It! Cream Chargers - 50pks,$69.95
138,https://www.quickwhip.com.au/collections/all/products/wholesale-baking-bad-615g-cannister,Wholesale Baking Bad 615g cream charger cannister,$278
139,https://www.quickwhip.com.au/collections/all/products/wholesale-bestwhip-cream-chargers-8g-10pks,Wholesale BestWhip Cream Chargers 8g - 10pks,$779.95
140,https://www.quickwhip.com.au/collections/all/products/wholesale-bestwhip-cream-chargers-8g-50pks,Wholesale BestWhip Cream Chargers 8g - 50pks,$914.95
141,https://www.quickwhip.com.au/collections/all/products/new-wholesale-freshwhip-mint-infusion-chargers-8-2g-50pks,Wholesale FreshWhip Mint Infusion Chargers 8.2g - 50pks,$278
142,https://www.quickwhip.com.au/collections/all/products/new-wholesale-freshwhip-mint-infusion-chargers-8-2g-10pks,Wholesale FreshWhip Mint Infusion Chargers 8.2g – 10pks,$799.95
143,https://www.quickwhip.com.au/collections/all/products/copy-of-new-freshwhip-strawberry-infusion-chargers-8-2g-50pks,Wholesale FreshWhip Strawberry Infusion Chargers 8.2g - 50pks,$278
144,https://www.quickwhip.com.au/collections/all/products/new-wholesale-freshwhip-strawberry-infusion-chargers-8-2g-10pks,Wholesale FreshWhip STRAWBERRY Infusion Chargers 8.2g – 10pks,$799.95
145,https://www.quickwhip.com.au/collections/all/products/wholesale-infusionmax-elite-purple-9g-cream-chargers-100pks,Wholesale InfusionMAX Elite Purple 9g! Cream Chargers  - 100pks,$278
146,https://www.quickwhip.com.au/collections/all/products/wholesale-infusionmax-580g-n2o-cannister,Wholesale Infusionmax NOW 615g N2O Cannister,$278
147,https://www.quickwhip.com.au/collections/all/products/wholesale-infusionwhip-580g-blueberry-mango-flavoured-n2o-cannister,Wholesale Infusionwhip 580g Blueberry Mango Flavoured Cannister,$278
148,https://www.quickwhip.com.au/collections/all/products/wholesale-infusionwhip-580g-rainbow-candy-flavoured-n2o-cannister,Wholesale Infusionwhip 580g Rainbow Candy Flavoured N2O Cannister,$278
149,https://www.quickwhip.com.au/collections/all/products/wholesale-infusionwhip-580g-strawberry-flavoured-n2o-cannister,Wholesale Infusionwhip 580g Strawberry Flavoured N2O Cannister,$278
150,https://www.quickwhip.com.au/collections/all/products/wholesale-infusionwhip-580g-watermelon-lemon-flavoured-n2o-cannister,Wholesale Infusionwhip 580g Watermelon Lemon Flavoured N2O Cannister,$278
151,https://www.quickwhip.com.au/collections/all/products/wholesale-isi-professional-cream-chargers-8-4g-10pks,Wholesale ISI Professional Cream Chargers 8.4g - 10pks,"$1,129.95"
152,https://www.quickwhip.com.au/collections/all/products/wholesale-miami-magic-9g-cream-chargers-10pks,Wholesale Miami Magic 9g! Cream Chargers  - 10pks,$429.95
153,https://www.quickwhip.com.au/collections/all/products/wholesale-miami-magic-infusions-2048g-3-3l-n2o-cannister,Wholesale Miami Magic Infusions 2048g / 3.3L N2O Cannister,$278
154,https://www.quickwhip.com.au/collections/all/products/wholesale-miami-magic-infusions-615g-n2o-cannister,Wholesale Miami Magic Infusions 615g N2O Cannister,$278
155,https://www.quickwhip.com.au/collections/all/products/wholesale-miami-magic-infusions-640g-aluminum-n2o-cannister,Wholesale Miami Magic Infusions 640g Aluminum N2O Cannister,$278
156,https://www.quickwhip.com.au/collections/all/products/wholesale-contact-us-for-pricing,Wholesale pallets - Contact us for Pricing,$0.00
157,https://www.quickwhip.com.au/collections/all/products/wholesale-quickwhip-cream-chargers-8g-10pks,Wholesale QuickWhip Cream Chargers 8g - 10pks,$749.95
158,https://www.quickwhip.com.au/collections/all/products/wholesale-quickwhip-cream-chargers-8g-50pks,Wholesale QuickWhip Cream Chargers 8g - 50pks,"$1,175.95"
159,https://www.quickwhip.com.au/collections/all/products/wholesale-quickwhip-pro-9g-cream-chargers-100pks,Wholesale QuickWhip PRO 9g! Cream Chargers  - 100pks,$599.95
160,https://www.quickwhip.com.au/collections/all/products/wholesale-quickwhip-pro-9g-cream-chargers-10pks,Wholesale QuickWhip PRO 9g! Cream Chargers  - 10pks,$389.95
161,https://www.quickwhip.com.au/collections/all/products/supremewhip-cream-chargers-50-x-8-2g,Wholesale SupremeWhip Cream Chargers 8.2g - 50pks,$569.95
162,https://www.quickwhip.com.au/collections/all/products/wholesale-supremewhip-cream-chargers-8-2g-10pks,Wholesale SupremeWhip Cream Chargers 8.2g – 10pks,$359.95
163,https://www.quickwhip.com.au/collections/all/products/wholesale-supremewhipmax-640g-n2o-cannister,Wholesale SupremewhipMAX 640g N2O Cannister,$278
164,https://www.quickwhip.com.au/collections/all/products/wholesale-whip-it-cream-chargers-100pks,Wholesale Whip-It! Cream Chargers - 100pks,"$1,249.95"
165,https://www.quickwhip.com.au/collections/all/products/wholesale-whip-it-cream-chargers-10pks,Wholesale Whip-It! Cream Chargers - 10pks,$945.95
166,https://www.quickwhip.com.au/collections/all/products/wholesale-whip-it-cream-chargers-50pks,Wholesale Whip-It! Cream Chargers - 50pks,$649.95
