,name,percent
0,nitrous oxide,0.0
1,nitrous oxide gas,0.0
2,what is nitrous oxide,0.0
3,nangs,0.0
4,nitrous oxide effects,0.0
5,nitrous oxide australia,0.0
6,nitrogen oxide,0.0
7,nitric oxide,0.0
8,nitrous dioxide,0.0
9,nos,0.0
10,nang,30.0
11,methane,0.0
12,nitrous oxide canisters,66.66666666666666
13,nitrous oxide whipped cream,70.0
14,nitrous oxide formula,0.0
15,nitrous oxide car,0.0
16,nitrous oxide for sale,70.0
17,carbon dioxide,0.0
18,effects of nitrous oxide,0.0
19,cream chargers,100.0
20,nitrous oxide side effects,0.0
21,nitrous oxide canister,77.77777777777779
22,co2,0.0
23,what does nitrous oxide do,0.0
24,nitrous oxide sedation,0.0
25,laughing gas,0.0
26,nitrous oxide greenhouse gas,0.0
27,is nitrous oxide a greenhouse gas,0.0
28,what is nitrous oxide used for,0.0
29,where does nitrous oxide come from,0.0
30,nangs delivery,100.0
31,nangs melbourne,100.0
32,what are nangs,0.0
33,nangs buy,100.0
34,nangs meaning,0.0
35,nangs near me,100.0
36,nangs drug,0.0
37,what is nangs,0.0
38,melbourne nangs delivery,100.0
39,what do nangs do,0.0
40,nangs effects,0.0
41,nangs australia,0.0
42,where to buy nangs,88.88888888888889
43,nangs illegal,10.0
44,nangs sydney,100.0
45,how to do nangs,10.0
46,nang delivery,100.0
47,nags,0.0
48,nangs delivery near me,100.0
49,nangs buy melbourne,100.0
50,nangs perth,100.0
51,best nangs,70.0
52,nitrogen oxide formula,0.0
53,nitrogen dioxide,0.0
54,nitrogen gas,0.0
55,nitrogen oxide gas,0.0
56,copper oxide,0.0
57,nitrogen monoxide,0.0
58,aluminium oxide,0.0
59,nitrogen dioxide formula,0.0
60,magnesium oxide,0.0
61,ammonia,0.0
62,periodic table,0.0
63,sulfur dioxide,0.0
64,nitric acid,0.0
65,nitrogen oxide effects,0.0
66,iron oxide,10.0
67,is nitrogen oxide a greenhouse gas,0.0
68,nitrogen trioxide,0.0
69,tell me the formula for nitrogen oxide,0.0
70,no3,0.0
71,carbon tetrachloride,0.0
72,nitric oxide supplement,0.0
73,nitric oxide formula,0.0
74,what is nitric oxide,0.0
75,nitric oxide supplements,0.0
76,nitric oxide foods,0.0
77,no,0.0
78,carbonate,0.0
79,calcium oxide,50.0
80,nitric oxide function,11.11111111111111
81,nitric acid formula,0.0
82,nitric oxide chemist warehouse,20.0
83,nitric oxide benefits,0.0
84,nitric oxide synthase,0.0
85,sulfuric acid,0.0
86,potassium oxide,0.0
87,hydrochloric acid,0.0
88,sodium hydroxide,0.0
89,zinc oxide,0.0
90,nitric oxide dump,0.0
