,name,percent
48,nangs delivery near me,100
41,melbourne nang delivery,100
33,nangs buy,100
35,nangs near me,100
38,melbourne nangs delivery,100
44,nangs sydney,100
46,nang delivery,100
49,nangs buy melbourne,100
19,cream chargers,100
50,nangs perth,100
89,whipped cream chargers,100
30,nangs delivery,100
59,melbourne nangs,100
39,nang sydney,100
81,nangs delivery melbourne,100
4,buy nangs,100
31,nangs melbourne,100
82,nangs cream chargers,90
3,nangs delivery brisbane,90
42,where to buy nangs,88.88888889
75,nitrous oxide buy,80
52,where to buy nitrous oxide,77.77777778
21,nitrous oxide canister,77.77777778
7,buy nitrous oxide canisters,77.77777778
0,buy nitrous oxide,70
60,nangs brisbane,70
51,best nangs,70
73,nitrous oxide canisters for sale,70
16,nitrous oxide for sale,70
13,nitrous oxide whipped cream,70
12,nitrous oxide canisters,66.66666667
37,nang city,60
83,all night nangs,57.14285714
80,nitrous oxide tank,50
35,nang cracker,50