,Domain,Search term,Site title,Web snippet,URL
0,adf.org.au,"[('nitrous oxide canister', 1), ('nitrous oxide canisters', 0), ('nitrous oxide canisters', 1), ('nitrous oxide canister', 0)]",Nitrous oxide,"Nitrous oxide is a colourless gas found in pressurised metal canisters, commonly taken from whipped cream chargers.1. Other names. Laughing gas, nitro, N2O ...",['https://adf.org.au/drug-facts/nitrous-oxide/']
1,allnightnangs.com.au,"[('all night nangs', 0)]",all night nangs,All night nangs cream charger delivery Ballarat Bendigo Geelong.,['https://allnightnangs.com.au/']
2,au.linkedin.com,"[('nang city', 1)]",Nangs Delivery,If you have a cake emergency in your nang city. We have the best nang stuff. We can deliver nang wizard fast direct to your door. You can be Mr Cream when ...,['https://au.linkedin.com/company/nangs-delivery']
3,aussiechargers.com,"[('nangs perth', 0), ('nangs perth', 1)]",Aussie Chargers - 24/7 Perth Cream Charger Nang Delivery,Aussie Chargers is Perth's fastest cream charger delivery service. We aim to complete all deliveries within 20-90 minutes. We accept cash or card payments.,['https://aussiechargers.com/']
4,bestnangs.com.au,"[('best nangs', 0), ('nangs buy melbourne', 1), ('nangs buy melbourne', 0)]",Best Nangs Delivery Melbourne,Australia's leading supplier of cream chargers & dispensers. Fast nang delivery Australia wide & immediate nangs delivery in Melbourne.,['https://bestnangs.com.au/']
5,bouncemagazine.co.uk,"[('all night nangs', 1)]",All-Night Nangs: Melbourne's Secret to Great Parties,"Nangs, also known as nitrogen cream chargers, are small metal canisters filled with nitrous oxide (N₂O). They are designed to be used with a ...",['https://bouncemagazine.co.uk/all-night-nangs-melbournes-secret-to-great-parties/']
6,cake-emergency.com,"[('nangs buy melbourne', 1)]",#1 Melbounre nangs delivery service. Get nangs & cream ...,"Melbourne's leading whipped cream charger business, started since 2018. We are the expert of kitchen supplies. We offer the fastest delivery service and the ...",['https://cake-emergency.com/']
7,cloud9australia.com.au,"[('buy nitrous oxide canisters', 1), ('nitrous oxide buy', 0), ('nitrous oxide buy', 1), ('buy nitrous oxide canisters', 0)]",CREAM CHARGERS - SUPREME 50PK,50 x 8.2g SupremeWhip cream chargers. Our own branded nitrous oxide whipped cream chargers are manufactured and certified 100% pure nitrous oxide (N2O) in ...,['https://cloud9australia.com.au/products/copy-of-mosa-cream-chargers-please-pick-size']
8,creamchargers.net.au,"[('where to buy nitrous oxide', 1), ('buy nitrous oxide', 1), ('nitrous oxide canisters for sale', 1), ('buy nitrous oxide', 0), ('nitrous oxide canisters for sale', 0)]",Nitrous Oxide Cylinders For Sale Australia - Cream Chargers,Buy Nitrous Oxide Tanks now and get them fast delivered express to your door. We also stock other products such as N2O chargers and dispensers. All nitrous ...,['https://creamchargers.net.au/nitrous-oxide']
9,creamchargersydney.com.au,"[('nang sydney', 0), ('nang sydney', 1), ('nangs sydney', 0), ('nangs sydney', 1)]",Nangs Delivery in Sydney - Free Delivery Cream Chargers 24/7,Nangs Delivery In Sydney is a renowned courier that specializes in providing Quality bakery accessories such as whipped cream dispensers and cream chargers.,['https://creamchargersydney.com.au/']
10,creamchargerwarehouse.com.au,"[('nitrous oxide canister', 1), ('where to buy nitrous oxide', 1), ('nitrous oxide tank', 1), ('nitrous oxide for sale', 0), ('nitrous oxide canister', 0), ('where to buy nitrous oxide', 0), ('nitrous oxide buy', 0), ('nitrous oxide canisters', 1), ('nitrous oxide tank', 0), ('buy nitrous oxide', 1), ('nitrous oxide canisters for sale', 1), ('buy nitrous oxide canisters', 1), ('nitrous oxide canisters', 0), ('nitrous oxide for sale', 1), ('buy nitrous oxide', 0), ('nitrous oxide buy', 1), ('nitrous oxide canisters for sale', 0), ('buy nitrous oxide canisters', 0)]",Buy Nitrous Oxide Canisters | N2O Gas Tanks & Cylinders ...,Buy Nitrous Oxide Canisters · N2O Gas Tanks & Canisters 580g | Food Grade Nitrous Oxide For Sale · NitrousWhip 2100g N2O Canister | Cream Charger Tank.,['https://creamchargerwarehouse.com.au/nitrous-oxide']
11,creamwizard.com.au,"[('nangs perth', 0), ('nangs perth', 1)]","Cream Wizard: Nang Delivery Perth, Cream Chargers (Fast ...","Perth is a big city, but our nang delivery service makes it possible for you to get high-quality cream chargers in less than an hour at an affordable price! If ...",['https://creamwizard.com.au/']
12,docs.google.com,"[('nang city', 0), ('nang city', 1)]",Nang City Delivery: Bringing Melbourne's Cream Chargers ...,From Day to Night: Nang City Melbourne Opening Hours for Late-Night Cravings. Nang City Melbourne is a popular food establishment known for its delectable ...,['https://docs.google.com/document/d/1bhkaeyGnu6bdaLaisbJsbOyCTIBD5vr27XeAr7KyONM/edit?usp=sharing']
13,en.wikipedia.org,"[('nitrous oxide whipped cream', 0), ('nitrous oxide whipped cream', 1), ('whipped cream chargers', 0), ('whipped cream chargers', 1)]",Whipped-cream charger,A whipped cream charger is a steel cylinder or cartridge filled with nitrous oxide (N2O) that is used as a whipping agent in a whipped cream dispenser.,['https://en.wikipedia.org/wiki/Whipped-cream_charger']
14,exoticwhip.com,"[('nitrous oxide whipped cream', 0), ('nitrous oxide whipped cream', 1)]",Exotic Whip Cream Chargers | Original Flavorless N2O Tanks,ExoticWhip Cream Chargers – 2000G (2KG) – Original Nitrous Tank. Rated 4.91 out of 5. $94.99 – $449.99.,"['https://exoticwhip.com/shop/640g-cream-chargers/?srsltid=AfmBOoqR07jKK0VIZcOfKzZ0UfNJJjMYkZr7c0XMhHmTu4WUC-dU9w28', 'https://exoticwhip.com/shop/640g-cream-chargers/?srsltid=AfmBOoqbCvdLoORc9OwN3FF6D2Ug9CPreV4l7fw4399cU6aAfO74G9TH']"
15,gascylindersource.com,"[('nitrous oxide tank', 0), ('nitrous oxide tank', 1)]",Nitrous Oxide Cylinders & Tanks,Nitrous oxide cylinders and tanks available now. View all current inventory and place your online order today!,"['https://gascylindersource.com/product-category/nitrous-oxide-cylinders/?srsltid=AfmBOoo2OgVqekWJ6uCFWqVXFvM7ib0G-oQc393MG_p93ID-XTQ3KBYQ', 'https://gascylindersource.com/product-category/nitrous-oxide-cylinders/?srsltid=AfmBOorErZwydVPlNixAWvW6syvIbZUyWi27fyCOUrQP9yyNONRyEusZ']"
16,kingwhip.com.au,"[('nangs delivery melbourne', 0), ('where to buy nangs', 0), ('nangs buy melbourne', 1), ('nangs buy', 0), ('melbourne nangs delivery', 1), ('nangs cream chargers', 0), ('melbourne nang delivery', 1), ('best nangs', 1), ('nangs melbourne', 1), ('nangs buy melbourne', 0), ('melbourne nangs', 1), ('melbourne nangs delivery', 0), ('melbourne nang delivery', 0), ('best nangs', 0), ('where to buy nangs', 1), ('nangs delivery melbourne', 1), ('nangs melbourne', 0), ('melbourne nangs', 0), ('nangs buy', 1), ('nangs cream chargers', 1)]","Nang Delivery Melbourne, Cream Chargers – Fastest & Most ...","King Whip offers the fastest nang delivery in Melbourne, top-quality cream chargers, and has earned over 200 five-star reviews from satisfied customers.","['https://kingwhip.com.au/shop/', 'https://kingwhip.com.au/', 'https://kingwhip.com.au/product-category/bestwhip-cream-charger/']"
17,mrnang.com.au,"[('nangs delivery melbourne', 0), ('nangs buy melbourne', 1), ('nangs buy', 0), ('nangs delivery', 0), ('melbourne nangs delivery', 1), ('melbourne nang delivery', 1), ('nang delivery', 1), ('nangs melbourne', 1), ('nangs near me', 1), ('nangs buy melbourne', 0), ('melbourne nangs', 1), ('melbourne nangs delivery', 0), ('melbourne nang delivery', 0), ('nang delivery', 0), ('nangs near me', 0), ('nangs delivery melbourne', 1), ('nangs melbourne', 0), ('melbourne nangs', 0), ('nangs buy', 1), ('nangs delivery', 1)]",Reliable & Fastest Nang Delivery in Melbourne,"We offer delivery service throughout Melbourne, including the southeast, eastern, western, and northern suburbs. Our average delivery time is between 20 and 60 ...",['https://mrnang.com.au/']
18,myblitz.co.nz,"[('nang cracker', 1)]",Cracker $21.99,"Introducing the Cracker $21.99, your passport to a world of whipped perfection. This cream charger dispenser isn't just a tool; it's an expression of style, ...",['https://myblitz.co.nz/products/cracker-21-99']
19,nang-a-roo.com.au,"[('nangs perth', 0), ('nangs perth', 1)]",Nang-a-roo: Nang Delivery Perth - Cream Charger Delivery ...,"With Nang-A-Roo, you're guaranteed top-notch nang and cream charger delivery service in Perth. Serving a wide range of suburbs and surrounding areas, we are ...",['https://nang-a-roo.com.au/']
20,nangchef.com,"[('all night nangs', 0), ('all night nangs', 1)]",All Night Nangs & Cream Chargers Delivery Melbourne ...,All Night Nangs & Cream chargers service delivery in Melbourne with average delivery time of only 27 minutes. Order online with Nangchef now!!,['https://nangchef.com/']
21,nangcity.com.au,"[('melbourne nangs delivery', 0), ('nang city', 0), ('melbourne nang delivery', 1), ('melbourne nang delivery', 0), ('nangs melbourne', 1), ('all night nangs', 1), ('melbourne nangs', 1), ('melbourne nangs delivery', 1), ('nangs delivery melbourne', 1), ('nangs melbourne', 0), ('melbourne nangs', 0)]",Nang City: Late night party supplies delivery in Melbourne ...,"Nang City is a late night party goods delivery service in Melbourne, Australia. We sell cylindrical note holders, whipped cream chargers, beer pong balls ...",['https://nangcity.com.au/']
22,nangdeliverysydney.com.au,"[('nangs delivery near me', 1), ('nang sydney', 1)]",Nang Delivery Sydney | Free Delivery 24/7 near by | 100 for 90$,"Nang Delivery Sydney offers late night in Sydney for nangs, cream whippers, cream chargers, whipped cream charger and cream bulbs.",['https://nangdeliverysydney.com.au/']
23,nangme.com.au,"[('all night nangs', 0), ('all night nangs', 1)]",NangMe | Cheapest Mosa Cream Chargers & Kitchen Supplies,Nangme is Melbourne's most trusted Nang delivery service provider which serves all-day and night delivery services in Melbourne and Geelong. About Nangme.,['https://nangme.com.au/']
24,nangs.net.au,"[('where to buy nangs', 0), ('nangs buy', 1), ('nangs cream chargers', 0), ('nangs cream chargers', 1), ('where to buy nangs', 1), ('buy nangs', 1)]",Nangs | The Best Nang Delivery & Nangs Delivery Service,Cream Chargers & cream whipping equipment delivered to your door. Best Prices on Nangs! Buy NANGS.,['https://nangs.net.au/']
25,nangsbrisbane.com,"[('nangs brisbane', 0), ('nangs brisbane', 1), ('nangs delivery brisbane', 0), ('nangs delivery brisbane', 1)]",nangsbrisbane.com,,['https://nangsbrisbane.com/']
26,nangsdelivery.com,"[('nangs brisbane', 1), ('nangs delivery near me', 0), ('nangs delivery melbourne', 0), ('nangs sydney', 1), ('nangs delivery', 0), ('melbourne nangs delivery', 1), ('nang city', 1), ('melbourne nang delivery', 1), ('nang sydney', 1), ('nangs sydney', 0), ('nangs melbourne', 1), ('nangs brisbane', 0), ('nangs near me', 1), ('melbourne nangs', 1), ('melbourne nangs delivery', 0), ('melbourne nang delivery', 0), ('nangs delivery brisbane', 1), ('nang delivery', 0), ('nang sydney', 0), ('nangs delivery melbourne', 1), ('nangs near me', 0), ('nangs delivery near me', 1), ('nangs melbourne', 0), ('melbourne nangs', 0), ('nangs delivery brisbane', 0)]","Nang Delivery Melbourne, Sydney & Brisbane Open 24/7","We Are Open & Delivering NANGS Now. 20 Minutes Nang Delivery to your door Within 20km across Melbourne, Sydney, & Brisbane.","['https://nangsdelivery.com/', 'https://nangsdelivery.com/sydney/']"
27,nangsdelivery.com.au,"[('where to buy nangs', 0), ('buy nangs', 0), ('nangs buy melbourne', 1), ('nangs buy', 1), ('all night nangs', 1), ('nangs buy', 0), ('nangs buy melbourne', 0), ('where to buy nangs', 1), ('buy nangs', 1), ('all night nangs', 0)]",Nangs Delivery,24/7 Nangs Delivery | Nang Delivery | Chargers Delivered To Your Door. Buy Nang & Nanganators Delivered Fast! Cheap Prices & Great Service!,['https://nangsdelivery.com.au/']
28,nangsdeliverygoldcoast.com.au,"[('nang cracker', 0), ('nang cracker', 1)]",Dispensers And Crackers - Nangs Delivery Gold Coast,,['https://nangsdeliverygoldcoast.com.au/product-category/dispensers-crackers/']
29,nangsman.com,"[('nang sydney', 0), ('nangs delivery near me', 0), ('nangs sydney', 1), ('nang sydney', 1), ('nangs sydney', 0), ('nangs near me', 1), ('nangs near me', 0), ('nangs delivery near me', 1)]",Nang Delivery Sydney | 3.3L tank for $100 | Nangs near me ...,Sydney's premier choice for nangs delivery. Our average cream chargers delivery time is 25 minutes. We can price beat any competitors. No hidden delivery ...,['https://nangsman.com/']
30,nangsqueen.com.au,"[('nangs delivery melbourne', 0), ('nangs sydney', 1), ('nangs buy melbourne', 1), ('nangs buy', 0), ('nangs delivery', 0), ('melbourne nangs delivery', 1), ('buy nangs', 1), ('melbourne nang delivery', 1), ('best nangs', 1), ('nang sydney', 1), ('nangs sydney', 0), ('nang delivery', 1), ('nangs melbourne', 1), ('nangs buy melbourne', 0), ('melbourne nangs', 1), ('melbourne nangs delivery', 0), ('buy nangs', 0), ('best nangs', 0), ('nang delivery', 0), ('nang sydney', 0), ('nangs delivery melbourne', 1), ('melbourne nangs', 0), ('nangs buy', 1), ('nangs delivery', 1)]",24/7 Nangs Delivery Melbourne Sydney | Cream Chargers,"The most trusted Nangs Delivery. Get nangs, cream chargers delivered across Melbourne and Sydney in Australia in 25 minutes, 24/7. Call us now: 0449877707.","['https://nangsqueen.com.au/', 'https://nangsqueen.com.au/product/best-buy-fancy-whip-mint-615g/']"
31,nangstar.com.au,"[('nangs delivery melbourne', 0), ('melbourne nang delivery', 1), ('melbourne nang delivery', 0), ('nangs melbourne', 1), ('melbourne nangs', 1), ('melbourne nangs delivery', 1), ('nangs delivery melbourne', 1), ('nangs melbourne', 0), ('melbourne nangs', 0)]",Nangstar Cream Chargers Delivery Nangs ...,"Experience Melbourne's premier cream chargers delivery service with NangStar. We're the #1 choice for fast, reliable, and professional nangs delivery.",['https://nangstar.com.au/']
32,nangstuff.com.au,"[('melbourne nangs delivery', 0), ('nangs delivery melbourne', 0), ('buy nangs', 0), ('nang city', 0), ('melbourne nang delivery', 1), ('nangs buy melbourne', 1), ('nangs buy', 1), ('melbourne nang delivery', 0), ('nangs melbourne', 1), ('nangs buy', 0), ('nang city', 1), ('nangs buy melbourne', 0), ('melbourne nangs delivery', 1), ('nangs delivery melbourne', 1), ('buy nangs', 1), ('nangs melbourne', 0), ('melbourne nangs', 1), ('melbourne nangs', 0)]",Nang Delivery Melbourne 24/7 | Buy Cream Chargers,Get Fastest Nang Delivery Melbourne with premium cream chargers from NangStuff. Enjoy quick and reliable Nangs Delivery in 25 Minutes.,"['https://nangstuff.com.au/?srsltid=AfmBOortRyJ9SAmJw9LFnqwy8-ADGLYaLeIytsqqGdC5TyIkEQZwW0dl', 'https://nangstuff.com.au/?srsltid=AfmBOoqTnW01voTSxnwrkTrt6EbOuh9EI1BzWDdJpuiASYIyDaf4A629', 'https://nangstuff.com.au/?srsltid=AfmBOopWo1pK5J-HMs5h1fCIpMBooDHovsogeHydbqp0InfLaRfpeaID', 'https://nangstuff.com.au/?srsltid=AfmBOorLRI44yiwxgkW2ZcJbIaliwk-A8gkL1lyl-_4tU8Ife2Qk2dtK', 'https://nangstuff.com.au/', 'https://nangstuff.com.au/?srsltid=AfmBOorFKICQikwznukRAAzjIYoAECm98IUmsPvqciHBtlgB59dzZkCq', 'https://nangstuff.com.au/?srsltid=AfmBOopAh9UrGOxioblIS457J29tO0W6_1w2pjbYPRBcs9OPp9KfYUSG', 'https://nangstuff.com.au/?srsltid=AfmBOophIr_ltpefjnlvZKHXV13Ehxq86v4aNPzyZMJN2N4q2SaH2x8H', 'https://nangstuff.com.au/?srsltid=AfmBOopxVAno4hHR32-fDv_SoEdMxPAb3lHgZDwTaDTU2j0gbCGaOhIL', 'https://nangstuff.com.au/?srsltid=AfmBOopFX6HZItu7G9ZEblOD49cYPz14rLTfU3GXj18Jt_pMtY4KUKQi']"
33,nangsydney.com,"[('nang sydney', 0), ('nangs delivery near me', 0), ('nang city', 0), ('nangs sydney', 1), ('nangs delivery', 1), ('nangs sydney', 0), ('nang delivery', 1), ('nangs near me', 1), ('nangs delivery', 0), ('nang delivery', 0), ('nang city', 1), ('nangs near me', 0), ('nangs delivery near me', 1)]",Nangs Delivery Sydney | Fastest Delivery 24/7 | 3.3L For $50,"NANGS DELIVERY SYDNEY OPEN 24/7​​ Most trusted Nangs Delivery provider in Sydney. Get whippers, cream chargers, tanks delivered across Sydney in 15-40 Mins.","['https://nangsydney.com/', 'https://nangsydney.com/shop/']"
34,nangtank.com,"[('nangs sydney', 0), ('nangs sydney', 1)]",Nangs Delivery Sydney | Cream Chargers Open 24/7 | 15-30 ...,"Sydney's top choice for nangs delivery 24/7. Free & Fast delivery of whippers, cream chargers, and tanks within 30 mins. we guarantee the fastest delivery and ...",['https://nangtank.com/']
35,nitrouswhip.com.au,"[('nitrous oxide canister', 1), ('where to buy nitrous oxide', 1), ('nitrous oxide tank', 1), ('nitrous oxide for sale', 0), ('where to buy nitrous oxide', 0), ('nitrous oxide buy', 0), ('nitrous oxide canisters', 1), ('nitrous oxide tank', 0), ('buy nitrous oxide', 1), ('nitrous oxide whipped cream', 1), ('nitrous oxide canisters for sale', 1), ('buy nitrous oxide canisters', 1), ('nitrous oxide canisters', 0), ('nitrous oxide whipped cream', 0), ('nitrous oxide for sale', 1), ('nitrous oxide buy', 1), ('nitrous oxide canisters for sale', 0), ('buy nitrous oxide canisters', 0)]",Nitrous Oxide Cylinders For Sale | Buy Cheap ...,The nitrous oxide cream chargers sold on this site are for the preparation of food products. Whip cream chargers are used to whip various food products such as ...,"['https://nitrouswhip.com.au/', 'https://nitrouswhip.com.au/nitrous-oxide-canisters-tanks-cylinders']"
36,offyatree.com.au,"[('whipped cream chargers', 0), ('whipped cream chargers', 1)]",Buy Whipped Cream Dispensers and Chargers,"Buy a high-quality whipped cream charger and dispenser online in Australia for home use. You can prepare delicious cold ingredients such as whipped creams, ...",['https://offyatree.com.au/collections/cream-chargers']
37,open.spotify.com,"[('nangs delivery brisbane', 1)]",Nangs Delivery Brisbane,"... Nangs Delivery Brisbane and get it delivered to your doorsteps. Official Website: https://www.nangsdelivery.com/ Nangs Delivery Address: Melbourne, AUS ...",['https://open.spotify.com/episode/4y4h4yHkjCbU2U151Rzh1R']
38,perthchargers.com.au,"[('where to buy nangs', 0), ('nangs perth', 0), ('nangs perth', 1), ('where to buy nangs', 1)]",Perth Nangs - Cream Chargers Express Perth 24/7 Delivery,"PerthChargers is Perth's best Cream Charger Delivery 24/7 Service. Top supplier of cream chargers nangs in Perth, WA. Open 24 Hours, 365 Days.",['https://perthchargers.com.au/']
39,perthcreamchargers.com,"[('nangs perth', 0), ('nangs perth', 1), ('nang delivery', 0), ('nang delivery', 1)]",Perth Cream Chargers | Nang Delivery 24/7 Perth Cream ...,"$499.99. SHOP NOW. Located in Perth, Western Australia. We offer true 24/7 instant express cream charger delivery up to 100km from Perth's CBD. We are open 365 ...",['https://perthcreamchargers.com/']
40,perthnangs.com,"[('nangs perth', 0), ('nangs perth', 1)]",Perth Nangs | Perth Cream Charger Nang Delivery 24/7 ...,Perth Nangs open & delivering cream chargers & nangs to your door in Perth within 45 minutes at any time of the day or night with our 24/7 service.,['https://perthnangs.com/']
41,ssesgas.com,"[('where to buy nitrous oxide', 1), ('buy nitrous oxide', 1), ('nangs cream chargers', 1), ('buy nitrous oxide', 0), ('nangs cream chargers', 0)]",Cream Chargers | Nos Canisters | SSES Delivery,"We offers fastest home delivery service in Sydney for Nangs, cream whippers, cream chargers, dispensers, nitrous oxide whipped cream, and N2O tanks.","['https://ssesgas.com/the-fastest-and-most-affordable-nitrous-oxide-cylinder-delivery-from-ssesgas-online-store-in-australia/', 'https://ssesgas.com/']"
42,startwhip.com.au,"[('nitrous oxide canister', 1), ('nitrous oxide tank', 1), ('nitrous oxide for sale', 0), ('nitrous oxide canister', 0), ('nitrous oxide buy', 0), ('nitrous oxide canisters', 1), ('nitrous oxide tank', 0), ('buy nitrous oxide', 1), ('nitrous oxide canisters for sale', 1), ('buy nitrous oxide canisters', 1), ('nitrous oxide canisters', 0), ('nitrous oxide for sale', 1), ('buy nitrous oxide', 0), ('nitrous oxide buy', 1), ('nitrous oxide canisters for sale', 0), ('buy nitrous oxide canisters', 0)]",3.3L TANK CREAM CHARGERS COMBO - Startwhip Max AU,"Startwhip.com.au is an Australian online retailer selling 8G, 580G, 660G, 3.3XL Cream Chargers (N2O - Nitrous Oxide), Cream Whippers, and other related ...","['https://startwhip.com.au/collections/startwhip-max-3-3l-combo-cream-chargers?srsltid=AfmBOop5IF3d9FnNyMkdCziyk75MFNlh9UTbihyeupCnYkGkdGyKwirT', 'https://startwhip.com.au/collections/startwhip-max-3-3l-combo-cream-chargers?srsltid=AfmBOorU2tJSQqn1e4AbwiflApjC1O3rHk34j7eE9bMZC0jGAHc7eHCr', 'https://startwhip.com.au/collections/startwhip-max-3-3l-combo-cream-chargers?srsltid=AfmBOooB8ITQCEccDE9wGGfmTWDfpEjxOsNj2Ss6dKcMlgM9tJ2eChLY', 'https://startwhip.com.au/collections/startwhip-max-3-3l-combo-cream-chargers?srsltid=AfmBOorIHXmogB9jlS-4WdunDK12qjPJB_nmdUWF20GTkcbN4Ith_XhV', 'https://startwhip.com.au/collections/startwhip-max-3-3l-combo-cream-chargers?srsltid=AfmBOopK8tCeqk_6dmp4tNudXFdm84mg2Ix_DNeXJqaFSiJiXvMztdRT', 'https://startwhip.com.au/collections/startwhip-max-3-3l-combo-cream-chargers', 'https://startwhip.com.au/collections/startwhip-max-3-3l-combo-cream-chargers?srsltid=AfmBOoqehsDTQO2BwvCeQHRrAQJslqVHeDxRq1sJogEZ45SOU6tX_mut', 'https://startwhip.com.au/collections/startwhip-max-3-3l-combo-cream-chargers?srsltid=AfmBOorh-8xqvbbEngEgUTltJmDkyB2PtRbyUPmGa9pOIDpAb6ndkwcd', 'https://startwhip.com.au/collections/startwhip-max-3-3l-combo-cream-chargers?srsltid=AfmBOopxbrAyn2FTF75WaGhiAaqghnKfXTCIvPQQVJKjRGdtoRAJhAlc', 'https://startwhip.com.au/collections/startwhip-max-3-3l-combo-cream-chargers?srsltid=AfmBOopT3Y-Dw1ygeIDyy-2HarMSIqAFHk1JacPluexMqvaKczhBn61Z', 'https://startwhip.com.au/collections/startwhip-max-3-3l-combo-cream-chargers?srsltid=AfmBOorcfOIE7sjmyCDF9eBjXo8YYcUkuuOcRJKM4TB9R-9vZ_-sIwoK']"
43,sydneynang24h.com.au,"[('nang sydney', 0), ('nang sydney', 1)]",Nang Sydney | Cream Chargers | 24H Free Delivery,"Experience swift Nang delivery in Sydney! Elevate your moments with premium cream chargers, available 24/7. Free delivery within 24 hours!",['http://sydneynang24h.com.au/']
44,theconversation.com,"[('nitrous oxide whipped cream', 0), ('nitrous oxide whipped cream', 1)]",Whipping cream canisters have many uses beyond 'nangs'. ...,27 July 2021 — ,['https://theconversation.com/whipping-cream-canisters-have-many-uses-beyond-nangs-banning-them-isnt-necessary-164870']
45,tourfinder.au,"[('nang city', 0)]",Da Nang City Tour-Marble Mountain-Lady Buddha Statue ...,"TOUR PROGRAM : 8:00 or 13:00: Our guide pick you up at your hotel in Da Nang or Hoi An City. Then,Transfer to the Marble Mountains consisting of five marble ...",['https://tourfinder.au/experience/da-nang-city-tour-marble-mountain-lady-buddha-statue-private-tour-VIATOR-73792P81']
46,vietnam.travel,"[('nang city', 0)]",Da Nang,... city. Set out in the early morning to take a serene walk up ... The Da Nang International Airport has several daily connections to major cities in Vietnam.,['https://vietnam.travel/places-to-go/central-vietnam/da-nang']
47,whipitgoodbrisbane.com.au,"[('nangs brisbane', 1), ('nangs delivery', 1), ('nangs brisbane', 0), ('nangs delivery brisbane', 1), ('nangs delivery', 0), ('nangs delivery brisbane', 0), ('all night nangs', 1)]",Whip It Good Brisbane | Nangs Delivery Brisbane | Cream ...,DELIVERING TO THE GREATER BRISBANE (15-60 Minutes) · Sort by Default Order · Sort by Name · Sort by Price · Sort by Date · Sort by Popularity · Sort by Rating.,['https://whipitgoodbrisbane.com.au/']
48,www.abc.net.au,"[('nangs perth', 1)]",WA has introduced what it says are the 'toughest' nang ...,25 Mar 2024 — ,['https://www.abc.net.au/news/2024-03-26/wa-toughest-nang-ban-nitrous-oxide-explained/103628656']
49,www.alibaba.com,"[('nitrous oxide canisters for sale', 0), ('nitrous oxide canisters for sale', 1)]",Nitrous Oxide Canisters(210+),"Nitrous Oxide Canisters(210+) ; $1,200.00 - $3,000.00. Min. order: 1 unit ; $14.80 - $26.80. Min. order: 128 pieces ; $17.00 - $19.00. Min. order: 2 pieces ; $9.00 ...",['https://www.alibaba.com/showroom/nitrous-oxide-canisters.html']
50,www.aliexpress.com,"[('nang cracker', 0), ('nang cracker', 1)]",Nitrous Cracker - Home & Garden,Shop nitrous cracker at great deals online. The mini size and compact structure make this nitrous cracker easy to carry.,['https://www.aliexpress.com/w/wholesale-nitrous-cracker.html']
51,www.amazon.com,"[('nitrous oxide canister', 1), ('nitrous oxide tank', 1), ('nitrous oxide canisters', 1), ('nitrous oxide tank', 0), ('nitrous oxide whipped cream', 1), ('nitrous oxide canisters', 0), ('nitrous oxide whipped cream', 0)]",Nitrous Canisters,"... Nitrous Tank Whip Cream Charger, Nitrous Oxide Canister, Whip It N20 Whipped Cream Chargers, NO2 Nitrous Oxide Tank · 4.84.8 out of 5 stars. (20). $37.99$37.99.","['https://www.amazon.com/nitrous-canisters/s?k=nitrous+canisters', 'https://www.amazon.com/Creamright-Ultra-Purewhip-50-Pack-Whipped-Chargers/dp/B009OVU93E', 'https://www.amazon.com/nitrous-tank/s?k=nitrous+tank']"
52,www.amazon.com.au,"[('nang city', 0), ('cream chargers', 0), ('whipped cream chargers', 0), ('cream chargers', 1), ('nang city', 1), ('whipped cream chargers', 1)]",Cream Chargers,"Professional Whipped Cream Dispenser - Stainless Steel Whipped Cream Maker, Large 500ml / 1 Pint Capacity Whip Canister, Includes 3 Various Stainless Culinary ...","['https://www.amazon.com.au/whipped-cream-chargers/s?k=whipped+cream+chargers', 'https://www.amazon.com.au/cream-chargers/s?k=cream+chargers', 'https://www.amazon.com.au/Nang-City-Wonders/dp/819054019X']"
53,www.benchargers.com,"[('nangs brisbane', 0), ('nangs brisbane', 1), ('nangs delivery brisbane', 0), ('nangs delivery brisbane', 1)]",Benchargers | Brisbane Cream Chargers | Premium Nangs ...,"Benchargers is Premium Nang Delivery Services in Brisbane, providing the best service and best product in the market. We deliver 50km within Brisbane area. For ...",['https://www.benchargers.com/']
54,www.boc.com.au,"[('where to buy nitrous oxide', 1), ('nitrous oxide tank', 1), ('nitrous oxide for sale', 0), ('where to buy nitrous oxide', 0), ('nitrous oxide buy', 0), ('nitrous oxide tank', 0), ('nitrous oxide for sale', 1), ('nitrous oxide buy', 1)]",Medical Nitrous Oxide - Gas,Nitrous Oxide >98%; Gas Grade: Medical Grade; Supply Mode: Cylinder; Brand ... Buy from BOC at any time; Keep track of deliveries; View & download invoices ...,['https://www.boc.com.au/shop/en/au/medical-nitrous-oxide']
55,www.creamcity.com.au,"[('nangs perth', 1)]",Cream City Perth 24/7 Delivery Whipped Cream Chargers,PERTH NANG DELIVERY 24/7. Cream City offers the lowest prices on nangs. Cream City aims to complete all deliveries within 20 to 60 minutes.,['https://www.creamcity.com.au/cream-city-perth-365-24-7-delivery-whipped-cream-chargers']
56,www.creamify.com.au,"[('nangs brisbane', 0), ('nangs brisbane', 1), ('nangs delivery brisbane', 0), ('nangs delivery brisbane', 1)]",Creamify Brisbane 24/7 Delivery Whipped Cream Chargers,BRISBANE NANG DELIVERY 24/7. Creamify offers the lowest prices on nangs. Creamify aims to complete all deliveries within 20 to 60 minutes.,['https://www.creamify.com.au/creamify-brisbane-365-24-7-delivery-whipped-cream-chargers']
57,www.creamshop.com.au,"[('nangs brisbane', 0), ('nangs brisbane', 1), ('nangs delivery brisbane', 0), ('nangs delivery brisbane', 1)]",Brisbane Cream Shop 24/7 Delivery Whipped Cream Chargers,"BRISBANE NANG DELIVERY 24/7. Cream Shop aims to complete all deliveries within 20 to 60 minutes. Cream Shop is open 24 hours per day, 7 days per week.",['https://www.creamshop.com.au/brisbane-cream-shop-365-24-7-delivery-whipped-cream-chargers']
58,www.creamwhip.com.au,"[('nangs cream chargers', 0), ('nangs cream chargers', 1)]",Nangs and Nitrous Oxide,"“Nangs” is a slang term in Australia for nitrous oxide whipped cream chargers. Specifically, nangs usually refer to whipped cream bulbs. They can also be ...",['https://www.creamwhip.com.au/nangs-and-nitrous-oxide/']
59,www.dicksmith.com.au,"[('nitrous oxide canisters', 1)]",GreatWhip NO2 Nitrous Oxide Food Use Whipper Bulb ...,Discover offers on Cream Chargers - GreatWhip NO2 Nitrous Oxide Food Use Whipper Bulb Canisters at Dick Smith. Browse our extensive collection of Whisks ...,['https://www.dicksmith.com.au/da/buy/aussie-wholesale-store-cream-chargers-greatwhip-no2-nitrous-oxide-food-use-whipper-bulb-canisters-6783480266832-40009905569872/']
60,www.discountcream.co.uk,"[('nitrous oxide buy', 0), ('nitrous oxide canisters for sale', 1)]",Buy Nitrous Oxide Tanks & Cylinders Online,"Buy Nitrous Oxide Tanks & Cylinders Online ... Nitrous oxide tanks & cylinders offer high-quality food-grade nitrous oxide, that offers a maximum efficiency cream ...",['https://www.discountcream.co.uk/product-category/cream-chargers/n2o-tanks-cylinders/']
61,www.drugrehab.com,"[('nitrous oxide whipped cream', 0), ('nitrous oxide whipped cream', 1)]",Whippits | 10 Facts to Know About Inhaling Nitrous Oxide,20 Mar 2023 — ,['https://www.drugrehab.com/addiction/drugs/inhalants/whippits/']
62,www.ebay.com.au,"[('nang cracker', 0), ('nang cracker', 1)]",Cream Charger Cracker N2o Bulb Cracker Mini Whipped ...,Find many great new & used options and get the best deals for Cream Charger Cracker N2o Bulb Cracker Mini Whipped Aluminium Nang Cracker V2 at the best online,['https://www.ebay.com.au/p/2211418854']
63,www.ezychargers.com.au,"[('cream chargers', 0), ('cream chargers', 1), ('whipped cream chargers', 0), ('whipped cream chargers', 1)]",Ezychargers | Cream Chargers and Cream Whippers,Ezywhip Plus Cream Chargers N2O 8.5g 10 Pack x 36 (360 Bulbs) ... Get more bang for your buck with our superior 8.5g cream chargers filled with pure Nitrous Oxide ...,['https://www.ezychargers.com.au/']
64,www.ezywhip.com.au,"[('cream chargers', 0), ('cream chargers', 1), ('whipped cream chargers', 0), ('whipped cream chargers', 1)]",Ezywhip Cream Chargers and Cream Whippers,"Established in 2011, Ezywhip is Australia's biggest brand in cream chargers, cream whippers, soda chargers, soda syphons and related accessories.","['https://www.ezywhip.com.au/', 'https://www.ezywhip.com.au/australia-vic-victoria-melbourne-wholesale-whipped-cream-chargers-whippers']"
65,www.facebook.com,"[('nangs perth', 1), ('best nangs', 1), ('nangs delivery brisbane', 1), ('best nangs', 0), ('nangs delivery brisbane', 0)]",Perth Nangs | Perth WA,"Instant delivery Cream charger Nang delivery Brisbane. Lowest prices. Express/late night delivery! Posts. Photos. 󱜏. Lives in Brisbane, Queensland, ...","['https://www.facebook.com/perthnangs/', 'https://www.facebook.com/nang.deliverybrisbane/', 'https://www.facebook.com/bestnangs/']"
66,www.foodanddrinkbusiness.com.au,"[('best nangs', 0), ('best nangs', 1)]",Best Nangs,"Best Nangs is a cream whipping equipment supplier in Melbourne, Victoria. We supply and deliver all of the top cream charger and whipped cream dispenser brands.",['https://www.foodanddrinkbusiness.com.au/directory/best-nangs']
67,www.ikegger.com,"[('where to buy nitrous oxide', 1), ('nitrous oxide for sale', 0), ('where to buy nitrous oxide', 0), ('buy nitrous oxide', 1), ('nitrous oxide for sale', 1), ('buy nitrous oxide', 0)]",Cream Charger | Nitrous Oxide| 10 pack of 8g Bulbs,10 pack of cream charger bulbs (nitrous oxide). Great for dispensing cocktails and cold brew coffee.,"['https://www.ikegger.com/products/cream-charger-bulbs-10-pack?srsltid=AfmBOooLtP0lRZlvdevUUhf7WEOXoy-QkhXK4KhPy5bd1QQ1onhDkbM-', 'https://www.ikegger.com/products/cream-charger-bulbs-10-pack?srsltid=AfmBOopIwKCqLV6MgbT_SULcLfjKtU7B0_RfIod09GskNwTOaS4ZfFrz', 'https://www.ikegger.com/products/cream-charger-bulbs-10-pack', 'https://www.ikegger.com/products/cream-charger-bulbs-10-pack?srsltid=AfmBOopDpLPtj4OS-WbewWTtsMtzihMkFwAQbnK7iMBoOtXDiXRDZv7j', 'https://www.ikegger.com/products/cream-charger-bulbs-10-pack?srsltid=AfmBOop4UHoVY6ieHNMZSrxOvfkx6Z2viCAjlbhlOOVIm5gponZ2Sl-u']"
68,www.marzwhip.com,"[('nitrous oxide whipped cream', 1)]",PURE UNFLAVORED 1.1 LITER / 680 GRAMS ...,"Our tanks contain of food-grade nitrous oxide, producing 42.5 liters of whipped cream. Enjoy nourishing, fresh homemade whipped cream without additives. No ...",['https://www.marzwhip.com/product-page/640g-whipped-cream-charger']
69,www.melbournenangsdelivery.com.au,"[('melbourne nangs delivery', 0), ('nangs delivery melbourne', 0), ('nang cracker', 0), ('melbourne nang delivery', 1), ('nangs buy melbourne', 1), ('melbourne nang delivery', 0), ('nangs melbourne', 1), ('nang cracker', 1), ('nangs buy melbourne', 0), ('melbourne nangs delivery', 1), ('nangs delivery melbourne', 1), ('nangs melbourne', 0), ('melbourne nangs', 1), ('melbourne nangs', 0)]",Melbourne Nangs Delivery | Tanks for $30 Open 24/7 ...,"Nangs Delivery Melbourne's is fastest cream chargers service open 24/7, with over 20+ five star reviews from happy customers. Order online with the most ...","['https://www.melbournenangsdelivery.com.au/product-page/premium-cream-charger-nang-cracker-dispenser-rubber-grip', 'https://www.melbournenangsdelivery.com.au/']"
70,www.miamimagic.com.au,"[('nitrous oxide canister', 1), ('where to buy nitrous oxide', 1), ('nitrous oxide tank', 1), ('nitrous oxide for sale', 0), ('nitrous oxide canister', 0), ('where to buy nitrous oxide', 0), ('nitrous oxide buy', 0), ('nitrous oxide canisters', 1), ('nitrous oxide tank', 0), ('buy nitrous oxide', 1), ('nitrous oxide canisters for sale', 1), ('buy nitrous oxide canisters', 1), ('nitrous oxide canisters', 0), ('nitrous oxide for sale', 1), ('buy nitrous oxide', 0), ('nitrous oxide buy', 1), ('nitrous oxide canisters for sale', 0), ('buy nitrous oxide canisters', 0)]",Buy Nitrous Oxide Canisters | Culinary Grade N2O Cylinders,"Buy premium Nitrous Oxide canisters for culinary excellence at Miami Magic Australia. Explore our range of 580g, 615g, 640g, and 2050g N2O canisters.","['https://www.miamimagic.com.au/collections/culinary-grade-cylinders-n2o-nitrous-oxide-canisters?srsltid=AfmBOooKwFkHCCP8HHWxsKAtobnGlJ0R-VUYdzyNaoCs_sCG7nSBUTpB', 'https://www.miamimagic.com.au/collections/culinary-grade-cylinders-n2o-nitrous-oxide-canisters?srsltid=AfmBOorEdaxtbS4fVMpduD1MsPIeK4blq4dBr8r4n13YHLu_FG87ubza', 'https://www.miamimagic.com.au/collections/culinary-grade-cylinders-n2o-nitrous-oxide-canisters?srsltid=AfmBOopVwvpbkzxp4kpMlHpuPdcmzX5P8dkRoHQYf5O_xMfMt5HH_YyH', 'https://www.miamimagic.com.au/collections/culinary-grade-cylinders-n2o-nitrous-oxide-canisters?srsltid=AfmBOoorKIgHi9Ir2wRrn81MJX5RoMoqRYUKn-mY6hsuYRuR9LrpCvIl', 'https://www.miamimagic.com.au/collections/culinary-grade-cylinders-n2o-nitrous-oxide-canisters?srsltid=AfmBOorofD7mtiAH5yAtmDm_kQ8-bThP8z8XVhpXjMw9kbmDQO9y6tnZ', 'https://www.miamimagic.com.au/collections/culinary-grade-cylinders-n2o-nitrous-oxide-canisters?srsltid=AfmBOop5ckJcGBX_G-hr2axqRsIiFD3ZZU4D2TcLElq2dFk7ged8TlnW', 'https://www.miamimagic.com.au/collections/culinary-grade-cylinders-n2o-nitrous-oxide-canisters?srsltid=AfmBOop6QoVR4Bq6HJLJtxTJS4EwEq_XGmqlcFSNTQCikTGZMFRb6f5f', 'https://www.miamimagic.com.au/collections/culinary-grade-cylinders-n2o-nitrous-oxide-canisters?srsltid=AfmBOopS1vq9SDioR_r_QgBch5iCFIQoUkAWGw6jO9qxX4a7dXv26UCg', 'https://www.miamimagic.com.au/collections/culinary-grade-cylinders-n2o-nitrous-oxide-canisters?srsltid=AfmBOoo2oan3TqoBhtgY1BqXgah6LWMXDPfxeFMU4qzof-qKnrLdsz-A', 'https://www.miamimagic.com.au/collections/culinary-grade-cylinders-n2o-nitrous-oxide-canisters?srsltid=AfmBOormB5Xi-FNedprqG0CeNBOtH6ZX8gRP0rV6IcNKA_VExKgJqWmr', 'https://www.miamimagic.com.au/collections/culinary-grade-cylinders-n2o-nitrous-oxide-canisters', 'https://www.miamimagic.com.au/collections/culinary-grade-cylinders-n2o-nitrous-oxide-canisters?srsltid=AfmBOorjVlfR8FRQEGOjqjzvdEXQ9H1H4opfS8N3wBrPTdD8gvCA7Tlf', 'https://www.miamimagic.com.au/collections/culinary-grade-cylinders-n2o-nitrous-oxide-canisters?srsltid=AfmBOoq8nZqGrmT0R7sQ9YQjhs1PRCaaHT2cWvpNdFGvAYa62uEyUAfQ']"
71,www.mrcream.com.au,"[('nangs delivery near me', 0), ('nangs delivery melbourne', 0), ('where to buy nangs', 0), ('nangs buy melbourne', 1), ('nangs buy', 0), ('nangs delivery', 0), ('melbourne nangs delivery', 1), ('nang city', 1), ('buy nangs', 1), ('nangs cream chargers', 0), ('melbourne nang delivery', 1), ('nang delivery', 1), ('nangs melbourne', 1), ('nangs near me', 1), ('nangs buy melbourne', 0), ('melbourne nangs', 1), ('melbourne nangs delivery', 0), ('nang city', 0), ('buy nangs', 0), ('melbourne nang delivery', 0), ('nang delivery', 0), ('nangs near me', 0), ('nangs delivery near me', 1), ('nangs delivery melbourne', 1), ('nangs melbourne', 0), ('where to buy nangs', 1), ('melbourne nangs', 0), ('nangs buy', 1), ('nangs delivery', 1), ('nangs cream chargers', 1)]",Mr Cream: Cream Chargers & Nang Delivery Melbourne,"The Leaders in Nang Delivery in Melbourne, Perth, and Sydney. Delivery Hours. Open 24/7 and Ready to Deliver. Are you looking to buy cream chargers nangs?",['https://www.mrcream.com.au/']
72,www.mrnangs.com.au,"[('nang sydney', 0), ('nangs delivery near me', 0), ('nang cracker', 0), ('nangs sydney', 1), ('nang sydney', 1), ('nangs delivery', 1), ('nangs sydney', 0), ('nang delivery', 1), ('nangs near me', 1), ('nang cracker', 1), ('nangs near me', 0), ('nangs delivery near me', 1)]",Nangs Delivery Sydney | 30 Min VIP Delivery | Real 24/7 ...,"Mr Nangs is Sydney's fastest nangs delivery and cream chargers store, with over 60+ five star reviews. Free delivery across Sydney in under 30 minutes ...","['https://www.mrnangs.com.au/', 'https://www.mrnangs.com.au/post/crack-the-code-mastering-the-nang-cracker-with-mrnangs-com-au']"
73,www.nang-delivery.com.au,"[('nang sydney', 0), ('nang sydney', 1), ('nangs sydney', 0), ('nangs sydney', 1)]",Nangs Delivery Sydney | Buy Nangs Online 24/7 | Fast Service,"Buy Nangs online in Sydney with 24/7 fast Nangs delivery service. From cream chargers, tanks to dispensers, get everything delivered to your home, call now.",['https://www.nang-delivery.com.au/']
74,www.nangdeliverybrisbane.com.au,"[('nangs brisbane', 1), ('nangs delivery near me', 0), ('where to buy nangs', 0), ('nangs buy', 0), ('nangs delivery', 0), ('buy nangs', 1), ('nang delivery', 1), ('nangs brisbane', 0), ('nangs near me', 1), ('nang cracker', 0), ('buy nangs', 0), ('nangs delivery brisbane', 1), ('nang delivery', 0), ('nangs near me', 0), ('where to buy nangs', 1), ('nangs delivery near me', 1), ('nangs buy', 1), ('nangs delivery', 1), ('nangs delivery brisbane', 0)]",Nang Delivery Brisbane | Cream Charger | 24/7 Home Delivery,"Nangs Delivery Brisbane is fastest cream chargers Home Delivery service open 24/7, with over 20+ five star reviews from happy customers.","['https://www.nangdeliverybrisbane.com.au/shop', 'https://www.nangdeliverybrisbane.com.au/faq', 'https://www.nangdeliverybrisbane.com.au/', 'https://www.nangdeliverybrisbane.com.au/product-page/premium-cream-charger-nang-cracker-dispenser-rubber-grip']"
75,www.nangdeliverygoldcoast.com.au,"[('best nangs', 0), ('best nangs', 1), ('all night nangs', 0), ('all night nangs', 1)]",24 hours Nangs Gold Coast | Cream Chargers,"Nang Delivery Gold Coast is open 24 hours for instant nangs delivery, cream whippers, cream chargers, whipped cream chargers, tank canisters & bulbs.",['https://www.nangdeliverygoldcoast.com.au/']
76,www.nangdeliveryhobart.com.au,"[('nang cracker', 0), ('nang cracker', 1)]",Nang Cracker | Nang Delivery Hobart,,['https://www.nangdeliveryhobart.com.au/product-page/premium-cream-charger-nang-cracker-dispenser-rubber-grip']
77,www.nangsdeliveryservice.com.au,"[('nang cracker', 0), ('nang cracker', 1)]",Cream Charger Cracker,Cream Charger Cracker. $28.00. Manufactured from high quality aluminium. Made to quickly deliver nitrous oxide for instant whipped cream.,['https://www.nangsdeliveryservice.com.au/product/nang-cream-charger-cracker/']
78,www.nangsperth.com.au,"[('nangs delivery near me', 0), ('where to buy nangs', 0), ('nangs perth', 0), ('nang cracker', 1), ('nangs delivery', 0), ('nangs cream chargers', 0), ('buy nangs', 1), ('cream chargers', 0), ('best nangs', 1), ('nang delivery', 1), ('nangs near me', 1), ('nang cracker', 0), ('buy nangs', 0), ('best nangs', 0), ('nang delivery', 0), ('nangs near me', 0), ('where to buy nangs', 1), ('nangs delivery near me', 1), ('nangs delivery', 1), ('cream chargers', 1), ('nangs cream chargers', 1)]",Perth Nangs | Perth Cream Chargers Delivery 24/7,"Nangs Perth is open 24 hours for instant nangs home delivery, cream whippers, tanks, N20 canister, cream chargers, whipped cream chargers, tanks & bulbs.","['https://www.nangsperth.com.au/product-page/premium-cream-charger-nang-cracker-dispenser-rubber-grip', 'https://www.nangsperth.com.au/']"
79,www.nangwizard.net,"[('nangs brisbane', 1), ('nangs delivery near me', 0), ('nangs delivery melbourne', 0), ('where to buy nangs', 0), ('whipped cream chargers', 0), ('nangs buy', 0), ('nangs delivery', 0), ('melbourne nangs delivery', 1), ('nang city', 1), ('buy nangs', 1), ('nangs cream chargers', 0), ('cream chargers', 0), ('melbourne nang delivery', 1), ('best nangs', 1), ('nang delivery', 1), ('nangs melbourne', 1), ('nangs brisbane', 0), ('nangs near me', 1), ('nangs buy melbourne', 0), ('melbourne nangs', 1), ('all night nangs', 1), ('melbourne nangs delivery', 0), ('nang city', 0), ('buy nangs', 0), ('melbourne nang delivery', 0), ('nangs delivery brisbane', 1), ('best nangs', 0), ('nang delivery', 0), ('nangs near me', 0), ('nangs delivery near me', 1), ('nangs delivery melbourne', 1), ('nangs melbourne', 0), ('where to buy nangs', 1), ('melbourne nangs', 0), ('whipped cream chargers', 1), ('all night nangs', 0), ('nangs buy', 1), ('nangs delivery', 1), ('cream chargers', 1), ('nangs cream chargers', 1), ('nangs delivery brisbane', 0)]","Nang Delivery Melbourne, Cream Chargers (Super Fast ...","NangWizard is Melbourne's fastest nang delivery service, with over 90+ five star reviews from happy customers. Order online with the Wizard today!","['https://www.nangwizard.net/product-category/creamchargers/', 'https://www.nangwizard.net/nangs-delivery-brisbane/', 'https://www.nangwizard.net/', 'https://www.nangwizard.net/nangs-delivery-geelong/', 'https://www.nangwizard.net/product/best-whip-cream-chargers/']"
80,www.nisbets.com.au,"[('cream chargers', 0), ('cream chargers', 1), ('whipped cream chargers', 0), ('whipped cream chargers', 1)]","Cream Whippers & Chargers, Whipped Cream Dispensers","Each whipped cream dispenser is available with compatible cream chargers that chill your cream instantly, keeping it light and airy. Your cream whipper is ...",['https://www.nisbets.com.au/kitchenware-and-storage/pastry-and-baking-supplies/cream-chargers-and-whippers/_/a33-3']
81,www.partynangs.com,"[('best nangs', 1), ('nangs cream chargers', 1), ('all night nangs', 0), ('all night nangs', 1)]",BUNDLE PACK 200 Whip Cream Chargers & Mini Dispenser,250ml Mini Dispenser. PARTY NANGS. Email: support@partynangs.com. Facebook: Party Nangs Instagram: Instagram.com/partynangs/. ©2022 Party Nangs - All Rights ...,"['https://www.partynangs.com/product-page/bundle-pack-200-whip-cream-chargers-mini-dispenser', 'https://www.partynangs.com/', 'https://www.partynangs.com/product-page/whip-cream-chargers-600-pack']"
82,www.quicknangs.com.au,"[('nangs delivery near me', 0), ('where to buy nangs', 0), ('nangs sydney', 1), ('nangs buy', 0), ('nangs delivery', 0), ('nang cracker', 1), ('nangs cream chargers', 0), ('buy nangs', 1), ('nang sydney', 1), ('nangs sydney', 0), ('nang delivery', 1), ('nangs near me', 1), ('nang cracker', 0), ('buy nangs', 0), ('nang delivery', 0), ('nang sydney', 0), ('nangs near me', 0), ('nangs delivery near me', 1), ('where to buy nangs', 1), ('nangs buy', 1), ('nangs delivery', 1), ('nangs cream chargers', 1)]",Nangs Delivery | Cream Chargers | Quick 24/7 Sydney Free ...,"Cream Chargers, Nangs Delivery and Cream Canisters in Sydney, shop at Quicknangs. We have it all ready to be delivered to you, with a simple, safe & secure ...","['https://www.quicknangs.com.au/', 'https://www.quicknangs.com.au/post/unveiling-the-mystery-what-is-a-nang-cracker-cream-chargers-near-me', 'https://www.quicknangs.com.au/shop']"
83,www.quickwhip.com.au,"[('where to buy nangs', 0), ('whipped cream chargers', 0), ('nitrous oxide canister', 0), ('where to buy nitrous oxide', 0), ('nitrous oxide buy', 0), ('nitrous oxide tank', 0), ('nitrous oxide whipped cream', 1), ('nangs buy', 0), ('nitrous oxide for sale', 1), ('buy nitrous oxide', 0), ('nangs cream chargers', 0), ('buy nangs', 1), ('cream chargers', 0), ('nitrous oxide canisters', 1), ('nitrous oxide whipped cream', 0), ('buy nangs', 0), ('nitrous oxide for sale', 0), ('nitrous oxide canisters for sale', 1), ('buy nitrous oxide canisters', 1), ('nitrous oxide canisters', 0), ('where to buy nangs', 1), ('nitrous oxide buy', 1), ('whipped cream chargers', 1), ('nitrous oxide canister', 1), ('where to buy nitrous oxide', 1), ('nitrous oxide tank', 1), ('buy nitrous oxide', 1), ('cream chargers', 1), ('nitrous oxide canisters for sale', 0), ('buy nitrous oxide canisters', 0)]",Buy Whipped Cream Chargers QuickWhip,"We stock a whole array of cream charger canisters, choose from 8g cream chargers to impressive 2050g canisters, when shopping for all your cream charger needs ...","['https://www.quickwhip.com.au/collections/nitrous-oxide-cylinders?srsltid=AfmBOop72OZbR9DC6CvQk1TQtqUIMjjD25yJ-Zn7O9frcU9OVHQqdZCh', 'https://www.quickwhip.com.au/collections/cream-chargers?srsltid=AfmBOooQOb7WtceKqO8f4WFQXNjJyAyxZg023uqcKEASnXG_bJSSlm7v', 'https://www.quickwhip.com.au/collections/cream-chargers?srsltid=AfmBOopK0x-yfBxLkkAQt_kyH0DtTmprf39rWNxkISdKtxOvqkAxjWD7', 'https://www.quickwhip.com.au/collections/freshwhip-infusion-n20-chargers?srsltid=AfmBOorOQK1hMob2L-ZhJGGvjEXY53dyTjBxtt9Pl-JQ3FBjYB5Z7FcK', 'https://www.quickwhip.com.au/collections/cream-chargers?srsltid=AfmBOopjm8168VfJO_0-E5ovDxV07WI7OV74a2wmYIoXqi9YdQc6PJEp', 'https://www.quickwhip.com.au/collections/nitrous-oxide-cylinders?srsltid=AfmBOoqdjCt8PFUg_7kRQZb990ireJAURhNfOe1CHu3NGexy_kJ80AdH', 'https://www.quickwhip.com.au/collections/cream-chargers?srsltid=AfmBOop5ArEuEmP7ccLcyX5baaXgl9Se7ujwKUXSniPzF3hTC-jsWT_W', 'https://www.quickwhip.com.au/collections/cream-chargers?srsltid=AfmBOopNS4RoS9N45Ev2OMHmHpJ8p_o_x9k9yrSizMTzGqDGD6usW_SC', 'https://www.quickwhip.com.au/collections/cream-chargers?srsltid=AfmBOopOLRGQpW6t0nDAlOs2W8gUdiyp5KcRXrqWivI7f1Fpx-EdodQp', 'https://www.quickwhip.com.au/collections/freshwhip-infusion-n20-chargers?srsltid=AfmBOoqm7covr5kMwbIJE2l35F-QO8UVCQMD94TSEYfVzcmCWuuat3KK', 'https://www.quickwhip.com.au/collections/cream-chargers?srsltid=AfmBOoqbTy1mUtK9_CtfbkW3nTvLO9RKJz5d7bkiKALU4U9QXkRYA53L', 'https://www.quickwhip.com.au/collections/cream-chargers', 'https://www.quickwhip.com.au/collections/cream-chargers?srsltid=AfmBOooRLxTxkHTSeqhXBHDkXnwsEUt7nJU459QhQb_6FOJxBKCVZv6t', 'https://www.quickwhip.com.au/collections/nitrous-oxide-cylinders?srsltid=AfmBOopRDdRvjx0aA8amDpTamSH7Xk_Z8Cd1YWz_-S70UF6pSe1PrhVx', 'https://www.quickwhip.com.au/collections/nitrous-oxide-cylinders?srsltid=AfmBOop6n-cMVSZMOKiOHr_a7W4TQTZ4lB5QCoGHBeLK5x_lnzsDmva-', 'https://www.quickwhip.com.au/collections/cream-chargers?srsltid=AfmBOooI6zOGlG3RK4lC0AaBg7ZCZU8dgwaimUy6KudMuvav-5Pr1Q0D', 'https://www.quickwhip.com.au/collections/cream-chargers?srsltid=AfmBOoo3nay4-txVcPIiVTORyLS96g_r13Rqdkm-troPA3wrp0zysAtV', 'https://www.quickwhip.com.au/collections/nitrous-oxide-cylinders?srsltid=AfmBOopgUn1wpSs1Bjs3YW4hvEtXqyqEj8gtgpL95k0lDGln-EI1fkgA', 'https://www.quickwhip.com.au/collections/nitrous-oxide-cylinders?srsltid=AfmBOoo_NlOqWj7Y-_-HaqUOxJRxfuRXA0mqVc1whEH5ypYYUDBK1JG-', 'https://www.quickwhip.com.au/collections/wholesale?srsltid=AfmBOorTB3CMPBiLiPdgrcceg12cUUTE6JrPUNalxs6w9G71n-k-AZ93', 'https://www.quickwhip.com.au/', 'https://www.quickwhip.com.au/collections/cream-chargers?srsltid=AfmBOoqdQsaHQToERlFsk0tbVXsDQyBh3EYY1TJSDpmqhic2t37TzMbC', 'https://www.quickwhip.com.au/?srsltid=AfmBOorMKhWafhHgao8UFxUO2ojvN871Tus_FTeAYnLkMa1LJdzRL09B', 'https://www.quickwhip.com.au/collections/cream-chargers?srsltid=AfmBOoonEtayLMqxXJVu9q0dkD2o1su8rCHlxLynpZ6lr65lJJs0Ugt3', 'https://www.quickwhip.com.au/collections/nitrous-oxide-cylinders?srsltid=AfmBOoreavzTV9wpYnH1yuwZSBXyX-qTHr3V6PlyR7xtyc44T55OxepS', 'https://www.quickwhip.com.au/collections/nitrous-oxide-cylinders?srsltid=AfmBOooPnja4c2zz5-6WSxZH_506TqUkf6xDcfDNg-a7k03zywEMeXYm', 'https://www.quickwhip.com.au/collections/nitrous-oxide-cylinders?srsltid=AfmBOooOgcR9XyGGOt_Ixjs0Gejn1q28ZA5268KrNiww9LSzybFa4VWj', 'https://www.quickwhip.com.au/collections/cream-chargers?srsltid=AfmBOoogzX9kgOM4rD-GC_vTBcytkQGe3eUDIbQMoHRTxcf1t9ynoerO', 'https://www.quickwhip.com.au/collections/cream-chargers?srsltid=AfmBOoqecN4ZrsOVKN-CkktAt5pzX7_TjATsVWr-KLXig2RgtRlcysRg', 'https://www.quickwhip.com.au/collections/cream-chargers?srsltid=AfmBOook6PolTpKsT6VM_7d6NAMcqJ1H_l3RV8gbwgCELg5ItFgmjbeU', 'https://www.quickwhip.com.au/collections/nitrous-oxide-cylinders']"
84,www.reddit.com,"[('nangs brisbane', 1), ('best nangs', 0), ('best nangs', 1), ('nangs brisbane', 0)]",Cream chargers (nangs) where to buy Brisbane,Hey where can I buy cream chargers in Brisbane preferably north side thats not online?,"['https://www.reddit.com/r/brisbane/comments/11qr9dj/cream_chargers_nangs_where_to_buy_brisbane/', 'https://www.reddit.com/r/NitrousOxide/comments/vi4nbm/best_nangs/']"
85,www.shopgalaxygas.com,"[('nitrous oxide tank', 1)]","ALL NITROUS PRODUCTS - N2O - Tanks, whip chargers, ...",Galaxy Gas Infusion XL 0.95L 580g Nitrous Oxide N2O Tank Blueberry Mango. $44.99 – $269.47.,['https://www.shopgalaxygas.com/collections/all-nitrous-products-n2o?srsltid=AfmBOoq4gypGBTnxbZdSe32No3gj2Rq0qj_6HhmSfDXhjyuSr--IsM6V']
86,www.skywhip.com.au,"[('buy nitrous oxide canisters', 1), ('buy nitrous oxide', 0), ('nitrous oxide buy', 1), ('buy nitrous oxide', 1)]",Skywhip Australia,Skywhip cream chargers are filled with 8.4g/580g/660g/3.3l of certified pure culinary-grade nitrous oxide N2O gas. Every cream charger is hand-picked to ...,"['https://www.skywhip.com.au/?srsltid=AfmBOor1gaNE74vDACgOO-dkixMG5STRzrF0zUwO7RzCnrg9-nwaX1k1', 'https://www.skywhip.com.au/']"
87,www.supagas.com.au,"[('where to buy nitrous oxide', 1), ('nitrous oxide tank', 1), ('nitrous oxide for sale', 0), ('where to buy nitrous oxide', 0), ('nitrous oxide buy', 0), ('nitrous oxide tank', 0), ('nitrous oxide for sale', 1), ('buy nitrous oxide', 0), ('nitrous oxide buy', 1)]",Nitrous Oxide,"Nitrous Oxide is colourless, non-flammable, non-toxic gas with a slightly sweetish taste and odour. It is supplied in metal high pressure cylinders as a ...",['https://www.supagas.com.au/products/ZXNITOX']
88,www.supreme-whip.com,"[('buy nitrous oxide canisters', 1), ('nitrous oxide canisters for sale', 0), ('buy nitrous oxide canisters', 0), ('nitrous oxide canisters for sale', 1)]",Nitrous Oxide Canisters & Tanks | 580g N2O Canisters,"The Best Place To Buy Nitrous Oxide Canisters. At SupremeWhip, we sell a wide range of food-grade nitrous oxide tanks, each containing around 100x more compared ...","['https://www.supreme-whip.com/collections/0-95-cylinders?srsltid=AfmBOooYEeQVL9o_g0ibfEmRZHJ_289M9dP4GbFf1g6yFcRS57d5Bmrh', 'https://www.supreme-whip.com/collections/0-95-cylinders?srsltid=AfmBOoo8K0qKtBaFYKPbxeVOE9Tmd12HQrZLKnN-D5miTmn1BM3YE-SE', 'https://www.supreme-whip.com/collections/0-95-cylinders']"
89,www.supremewhip.com.au,"[('nitrous oxide canister', 1), ('cream chargers', 0), ('whipped cream chargers', 0), ('nitrous oxide canister', 0), ('nitrous oxide canisters', 1), ('nitrous oxide whipped cream', 1), ('nitrous oxide buy', 1), ('nitrous oxide canisters for sale', 1), ('buy nitrous oxide canisters', 1), ('nitrous oxide canisters', 0), ('nitrous oxide whipped cream', 0), ('cream chargers', 1), ('nangs cream chargers', 1), ('nitrous oxide for sale', 1), ('nangs cream chargers', 0), ('nitrous oxide canisters for sale', 0), ('buy nitrous oxide canisters', 0), ('whipped cream chargers', 1)]",SupremeWhip AU: SupremeWhip - Cream Chargers ...,"Our SupremeWhip cream chargers contain the highest quality nitrous oxide and are also finished in a shinier, zinc coating – making them the perfect accessory ...","['https://www.supremewhip.com.au/collections/whipped-cream-dispensers?srsltid=AfmBOorC6kyYt4G-RlmFJciiDdC-erFPwJfq17LmHOqXHX8_vmDAboRF', 'https://www.supremewhip.com.au/collections/0-95-culinary-grade-cylinders-580g-n20-canisters', 'https://www.supremewhip.com.au/?srsltid=AfmBOoq8WJMZxHIE5OCUZDhlmyJqCJ6flOVSdsa9wVgnvMJh3fBQsg2_', 'https://www.supremewhip.com.au/collections/whipped-cream-dispensers?srsltid=AfmBOorsLMgcpWnZ648JpSGjKGEdBVldZZNA42G9QOj3-gpQqbHLjr8R', 'https://www.supremewhip.com.au/?srsltid=AfmBOoqyb1eWDKET1lNCbfcNUvpVBRxdZ7d6--PP7Q4e-VFxLjX5R4uy', 'https://www.supremewhip.com.au/?srsltid=AfmBOoqgeVLYfQ5aG7tLDmjWSEAs528v9ugVC149dJq1nX2oIeekIKQc', 'https://www.supremewhip.com.au/collections/0-95-culinary-grade-cylinders-580g-n20-canisters?srsltid=AfmBOopItVGhE4QNFFD2QXpLAow4segx_Sq66AEbP19l3LuJs2GdNoSm', 'https://www.supremewhip.com.au/?srsltid=AfmBOooGVTyKAvmRjDf0TKaZQ8GPnpaTqAG2w4QnyrCTC-Q6fcTiYjz1', 'https://www.supremewhip.com.au/collections/0-95-culinary-grade-cylinders-580g-n20-canisters?srsltid=AfmBOopXTCQarxTWjOhn84jU1q5zPJv09UlK4JVZZkizcuamXQqEzCqH', 'https://www.supremewhip.com.au/', 'https://www.supremewhip.com.au/collections/0-95-culinary-grade-cylinders-580g-n20-canisters?srsltid=AfmBOoqViEBz_f-9t0C_DMlX6IcSmhicb5xdCo6i6-IxkvILHnzObnHX', 'https://www.supremewhip.com.au/collections/0-95-culinary-grade-cylinders-580g-n20-canisters?srsltid=AfmBOoqo7wH7kZ7a9UlXg0WhBVExDTqFve3ZM4nUqfYyQoJUmm9DICAv', 'https://www.supremewhip.com.au/collections/0-95-culinary-grade-cylinders-580g-n20-canisters?srsltid=AfmBOoocZxrXGGnM4m79j2OtIQGhP8qUpO9PX8Co0pbRK36iibftTjzB', 'https://www.supremewhip.com.au/collections/sale', 'https://www.supremewhip.com.au/?srsltid=AfmBOorDDFtKzO_T3nzcaLY79SuQL6czybLpVKssRF-guQNo1bDpCBfw']"
90,www.talktofrank.com,"[('nitrous oxide canister', 1), ('nitrous oxide canisters', 0), ('nitrous oxide canisters', 1), ('nitrous oxide canister', 0)]",Nitrous Oxide | Laughing Gas,Nitrous oxide is a colourless gas that's most commonly found in pressurised metal canisters. You may have seen these shiny metal canisters or 'whippets' lying ...,['https://www.talktofrank.com/drug/nitrous-oxide']
91,www.tripadvisor.com.au,"[('nang city', 0), ('nang city', 1)]",THE 10 BEST Da Nang City Tours (with Prices),City Tours in Da Nang · 1. Real snorkel & island hopping trip by SPEEDBOAT with small group · 2. Golden Bridge & Ba Na Hills 1 Day including buffets lunch & 2 ...,['https://www.tripadvisor.com.au/Attractions-g298085-Activities-c42-t224-Da_Nang.html']
92,www.vpw.com.au,"[('nitrous oxide for sale', 1), ('nitrous oxide for sale', 0)]",Nitrous Oxide Systems For Sale,"Looking for easy-to-install, high-performance nitrous oxide systems for sale? If you want the best nitrous system, make sure you shop at VPW!",['https://www.vpw.com.au/automotive/forced-induction/nitrous-systems/']
93,www.wa.gov.au,"[('nangs perth', 1)]",Toughest 'nang' rules in Australia to protect WA kids,24 Mar 2024 — ,['https://www.wa.gov.au/government/media-statements/Cook-Labor-Government/Toughest-%27nang%27-rules-in-Australia-to-protect-WA-kids-20240324']
94,www.whipcosydney-order.com,"[('nang sydney', 0), ('nang sydney', 1), ('nangs sydney', 1)]",Whipco 24/7 Nang Delivery Sydney - New Flavoured Silencer ...,"Fastest Sydney Cream Delivery. Buy Ezywhip Whipped Cream Chargers Near Me, Freshwhip Strawberry Flavoured Chargers, 1L / 2.2L / 3.3L Whipright Tanks, ...","['https://www.whipcosydney-order.com/?srsltid=AfmBOoqsAc1oBepCI1u7P8w5Eh2CUvGoHjTNvgIrEeIcJv5Lfufhcspa', 'https://www.whipcosydney-order.com/?srsltid=AfmBOoridEegrGLSG3tQu0VEqWBZWBkFT-kVlhYFhylzZ-BZr08itRhi', 'https://www.whipcosydney-order.com/?srsltid=AfmBOoqbRUU4euA4-qLaKt_HkhaYkrq57YZtCGNRxovOi9-Oa4hlvjuC']"
