,URL,Search term,Site title,Web snippet
0,http://sydneynang24h.com.au/,"[('nang sydney', 0), ('nang sydney', 1)]",Nang Sydney | Cream Chargers | 24H Free Delivery,"Experience swift Nang delivery in Sydney! Elevate your moments with premium cream chargers, available 24/7. Free delivery within 24 hours!"
1,https://adf.org.au/drug-facts/nitrous-oxide/,"[('nitrous oxide canister', 0), ('nitrous oxide canister', 1), ('nitrous oxide canisters', 0), ('nitrous oxide canisters', 1)]",Nitrous oxide,"Nitrous oxide is a colourless gas found in pressurised metal canisters, commonly taken from whipped cream chargers.1. Other names. Laughing gas, nitro, N2O ..."
2,https://allnightnangs.com.au/,"[('all night nangs', 0)]",all night nangs,All night nangs cream charger delivery Ballarat Bendigo Geelong.
3,https://au.linkedin.com/company/nangs-delivery,"[('nang city', 1)]",Nangs Delivery,If you have a cake emergency in your nang city. We have the best nang stuff. We can deliver nang wizard fast direct to your door. You can be Mr Cream when ...
4,https://aussiechargers.com/,"[('nangs perth', 0), ('nangs perth', 1)]",Aussie Chargers - 24/7 Perth Cream Charger Nang Delivery,Aussie Chargers is Perth's fastest cream charger delivery service. We aim to complete all deliveries within 20-90 minutes. We accept cash or card payments.
5,https://bestnangs.com.au/,"[('nangs buy melbourne', 0), ('nangs buy melbourne', 1), ('best nangs', 0)]",Best Nangs Delivery Melbourne,Australia's leading supplier of cream chargers & dispensers. Fast nang delivery Australia wide & immediate nangs delivery in Melbourne.
6,https://bouncemagazine.co.uk/all-night-nangs-melbournes-secret-to-great-parties/,"[('all night nangs', 1)]",All-Night Nangs: Melbourne's Secret to Great Parties,"Nangs, also known as nitrogen cream chargers, are small metal canisters filled with nitrous oxide (N₂O). They are designed to be used with a ..."
7,https://cake-emergency.com/,"[('nangs buy melbourne', 1)]",#1 Melbounre nangs delivery service. Get nangs & cream ...,"Melbourne's leading whipped cream charger business, started since 2018. We are the expert of kitchen supplies. We offer the fastest delivery service and the ..."
8,https://cloud9australia.com.au/products/copy-of-mosa-cream-chargers-please-pick-size,"[('nitrous oxide buy', 0), ('nitrous oxide buy', 1), ('buy nitrous oxide canisters', 0), ('buy nitrous oxide canisters', 1)]",CREAM CHARGERS - SUPREME 50PK,50 x 8.2g SupremeWhip cream chargers. Our own branded nitrous oxide whipped cream chargers are manufactured and certified 100% pure nitrous oxide (N2O) in ...
9,https://creamchargers.net.au/nitrous-oxide,"[('where to buy nitrous oxide', 1), ('buy nitrous oxide', 0), ('buy nitrous oxide', 1), ('nitrous oxide canisters for sale', 0), ('nitrous oxide canisters for sale', 1)]",Nitrous Oxide Cylinders For Sale Australia - Cream Chargers,Buy Nitrous Oxide Tanks now and get them fast delivered express to your door. We also stock other products such as N2O chargers and dispensers. All nitrous ...
10,https://creamchargersydney.com.au/,"[('nangs sydney', 0), ('nangs sydney', 1), ('nang sydney', 0), ('nang sydney', 1)]",Nangs Delivery in Sydney - Free Delivery Cream Chargers 24/7,Nangs Delivery In Sydney is a renowned courier that specializes in providing Quality bakery accessories such as whipped cream dispensers and cream chargers.
11,https://creamchargerwarehouse.com.au/nitrous-oxide,"[('nitrous oxide buy', 0), ('nitrous oxide buy', 1), ('where to buy nitrous oxide', 0), ('where to buy nitrous oxide', 1), ('nitrous oxide canister', 0), ('nitrous oxide canister', 1), ('buy nitrous oxide canisters', 0), ('buy nitrous oxide canisters', 1), ('buy nitrous oxide', 0), ('buy nitrous oxide', 1), ('nitrous oxide canisters for sale', 0), ('nitrous oxide canisters for sale', 1), ('nitrous oxide for sale', 0), ('nitrous oxide for sale', 1), ('nitrous oxide canisters', 0), ('nitrous oxide canisters', 1), ('nitrous oxide tank', 0), ('nitrous oxide tank', 1)]",Buy Nitrous Oxide Canisters | N2O Gas Tanks & Cylinders ...,Buy Nitrous Oxide Canisters · N2O Gas Tanks & Canisters 580g | Food Grade Nitrous Oxide For Sale · NitrousWhip 2100g N2O Canister | Cream Charger Tank.
12,https://creamwizard.com.au/,"[('nangs perth', 0), ('nangs perth', 1)]","Cream Wizard: Nang Delivery Perth, Cream Chargers (Fast ...","Perth is a big city, but our nang delivery service makes it possible for you to get high-quality cream chargers in less than an hour at an affordable price! If ..."
13,https://docs.google.com/document/d/1bhkaeyGnu6bdaLaisbJsbOyCTIBD5vr27XeAr7KyONM/edit?usp=sharing,"[('nang city', 0), ('nang city', 1)]",Nang City Delivery: Bringing Melbourne's Cream Chargers ...,From Day to Night: Nang City Melbourne Opening Hours for Late-Night Cravings. Nang City Melbourne is a popular food establishment known for its delectable ...
14,https://en.wikipedia.org/wiki/Whipped-cream_charger,"[('whipped cream chargers', 0), ('whipped cream chargers', 1), ('nitrous oxide whipped cream', 0), ('nitrous oxide whipped cream', 1)]",Whipped-cream charger,A whipped cream charger is a steel cylinder or cartridge filled with nitrous oxide (N2O) that is used as a whipping agent in a whipped cream dispenser.
15,https://exoticwhip.com/shop/640g-cream-chargers/?srsltid=AfmBOoqR07jKK0VIZcOfKzZ0UfNJJjMYkZr7c0XMhHmTu4WUC-dU9w28,"[('nitrous oxide whipped cream', 1)]",Exotic Whip Cream Chargers | Original Flavorless N2O Tanks,ExoticWhip Cream Chargers – 2000G (2KG) – Original Nitrous Tank. Rated 4.91 out of 5. $94.99 – $449.99.
16,https://exoticwhip.com/shop/640g-cream-chargers/?srsltid=AfmBOoqbCvdLoORc9OwN3FF6D2Ug9CPreV4l7fw4399cU6aAfO74G9TH,"[('nitrous oxide whipped cream', 0)]",Exotic Whip Cream Chargers | Original Flavorless N2O Tanks,ExoticWhip Cream Chargers – 2000G (2KG) – Original Nitrous Tank. Rated 4.91 out of 5. $94.99 – $449.99.
17,https://gascylindersource.com/product-category/nitrous-oxide-cylinders/?srsltid=AfmBOoo2OgVqekWJ6uCFWqVXFvM7ib0G-oQc393MG_p93ID-XTQ3KBYQ,"[('nitrous oxide tank', 0)]",Nitrous Oxide Cylinders & Tanks,Nitrous oxide cylinders and tanks available now. View all current inventory and place your online order today!
18,https://gascylindersource.com/product-category/nitrous-oxide-cylinders/?srsltid=AfmBOorErZwydVPlNixAWvW6syvIbZUyWi27fyCOUrQP9yyNONRyEusZ,"[('nitrous oxide tank', 1)]",Nitrous Oxide Cylinders & Tanks,Nitrous oxide cylinders and tanks available now. View all current inventory and place your online order today!
19,https://kingwhip.com.au/,"[('melbourne nang delivery', 0), ('melbourne nang delivery', 1), ('melbourne nangs delivery', 0), ('melbourne nangs delivery', 1), ('nangs buy melbourne', 0), ('nangs buy melbourne', 1), ('melbourne nangs', 0), ('melbourne nangs', 1), ('nangs delivery melbourne', 0), ('nangs delivery melbourne', 1), ('nangs melbourne', 0), ('nangs melbourne', 1)]","Nang Delivery Melbourne, Cream Chargers – Fastest & Most ...","King Whip offers the fastest nang delivery in Melbourne, top-quality cream chargers, and has earned over 200 five-star reviews from satisfied customers."
20,https://kingwhip.com.au/product-category/bestwhip-cream-charger/,"[('best nangs', 0), ('best nangs', 1)]",Best Whip Cream Chargers | Nang Whipper,"Buy Best Whip Cream Chargers, Whipped Cream Dispensers, and Nang Whippers via King Whip's Nangs Delivery Melbourne services. Upgrade to Best Whip now!"
21,https://kingwhip.com.au/shop/,"[('nangs buy', 0), ('nangs buy', 1), ('nangs buy melbourne', 0), ('nangs buy melbourne', 1), ('nangs cream chargers', 0), ('nangs cream chargers', 1), ('where to buy nangs', 0), ('where to buy nangs', 1)]",Quick Nangs Delivery Melbourne | Buy Cream Chargers ...,"Fast nangs delivery in Melbourne! Get cream chargers, nang tanks, and cream dispensers from King Whip with delivery in under one hour."
22,https://mrnang.com.au/,"[('melbourne nang delivery', 0), ('melbourne nang delivery', 1), ('nangs buy', 0), ('nangs buy', 1), ('nangs near me', 0), ('nangs near me', 1), ('melbourne nangs delivery', 0), ('melbourne nangs delivery', 1), ('nang delivery', 0), ('nang delivery', 1), ('nangs buy melbourne', 0), ('nangs buy melbourne', 1), ('nangs delivery', 0), ('nangs delivery', 1), ('melbourne nangs', 0), ('melbourne nangs', 1), ('nangs delivery melbourne', 0), ('nangs delivery melbourne', 1), ('nangs melbourne', 0), ('nangs melbourne', 1)]",Reliable & Fastest Nang Delivery in Melbourne,"We offer delivery service throughout Melbourne, including the southeast, eastern, western, and northern suburbs. Our average delivery time is between 20 and 60 ..."
23,https://myblitz.co.nz/products/cracker-21-99,"[('nang cracker', 1)]",Cracker $21.99,"Introducing the Cracker $21.99, your passport to a world of whipped perfection. This cream charger dispenser isn't just a tool; it's an expression of style, ..."
24,https://nang-a-roo.com.au/,"[('nangs perth', 0), ('nangs perth', 1)]",Nang-a-roo: Nang Delivery Perth - Cream Charger Delivery ...,"With Nang-A-Roo, you're guaranteed top-notch nang and cream charger delivery service in Perth. Serving a wide range of suburbs and surrounding areas, we are ..."
25,https://nangchef.com/,"[('all night nangs', 0), ('all night nangs', 1)]",All Night Nangs & Cream Chargers Delivery Melbourne ...,All Night Nangs & Cream chargers service delivery in Melbourne with average delivery time of only 27 minutes. Order online with Nangchef now!!
26,https://nangcity.com.au/,"[('melbourne nang delivery', 0), ('melbourne nang delivery', 1), ('melbourne nangs delivery', 0), ('melbourne nangs delivery', 1), ('melbourne nangs', 0), ('melbourne nangs', 1), ('nangs delivery melbourne', 1), ('nangs melbourne', 0), ('nangs melbourne', 1), ('nang city', 0), ('all night nangs', 1)]",Nang City: Late night party supplies delivery in Melbourne ...,"Nang City is a late night party goods delivery service in Melbourne, Australia. We sell cylindrical note holders, whipped cream chargers, beer pong balls ..."
27,https://nangdeliverysydney.com.au/,"[('nangs delivery near me', 1), ('nang sydney', 1)]",Nang Delivery Sydney | Free Delivery 24/7 near by | 100 for 90$,"Nang Delivery Sydney offers late night in Sydney for nangs, cream whippers, cream chargers, whipped cream charger and cream bulbs."
28,https://nangme.com.au/,"[('all night nangs', 0), ('all night nangs', 1)]",NangMe | Cheapest Mosa Cream Chargers & Kitchen Supplies,Nangme is Melbourne's most trusted Nang delivery service provider which serves all-day and night delivery services in Melbourne and Geelong. About Nangme.
29,https://nangs.net.au/,"[('nangs buy', 1), ('buy nangs', 1), ('nangs cream chargers', 0), ('nangs cream chargers', 1), ('where to buy nangs', 0), ('where to buy nangs', 1)]",Nangs | The Best Nang Delivery & Nangs Delivery Service,Cream Chargers & cream whipping equipment delivered to your door. Best Prices on Nangs! Buy NANGS.
30,https://nangsbrisbane.com/,"[('nangs delivery brisbane', 0), ('nangs delivery brisbane', 1), ('nangs brisbane', 0), ('nangs brisbane', 1)]",nangsbrisbane.com,
31,https://nangsdelivery.com.au/,"[('nangs buy', 0), ('nangs buy', 1), ('nangs buy melbourne', 0), ('nangs buy melbourne', 1), ('buy nangs', 0), ('buy nangs', 1), ('where to buy nangs', 0), ('where to buy nangs', 1), ('all night nangs', 0), ('all night nangs', 1)]",Nangs Delivery,24/7 Nangs Delivery | Nang Delivery | Chargers Delivered To Your Door. Buy Nang & Nanganators Delivered Fast! Cheap Prices & Great Service!
32,https://nangsdelivery.com/,"[('nangs delivery near me', 0), ('nangs delivery near me', 1), ('melbourne nang delivery', 0), ('melbourne nang delivery', 1), ('nangs near me', 0), ('nangs near me', 1), ('melbourne nangs delivery', 0), ('melbourne nangs delivery', 1), ('nang delivery', 0), ('nangs delivery', 0), ('melbourne nangs', 0), ('melbourne nangs', 1), ('nangs delivery melbourne', 0), ('nangs delivery melbourne', 1), ('nangs melbourne', 0), ('nangs melbourne', 1), ('nangs delivery brisbane', 0), ('nangs delivery brisbane', 1), ('nangs brisbane', 0), ('nangs brisbane', 1), ('nang city', 1)]","Nang Delivery Melbourne, Sydney & Brisbane Open 24/7","We Are Open & Delivering NANGS Now. 20 Minutes Nang Delivery to your door Within 20km across Melbourne, Sydney, & Brisbane."
33,https://nangsdelivery.com/sydney/,"[('nangs sydney', 0), ('nangs sydney', 1), ('nang sydney', 0), ('nang sydney', 1)]",Nangs Delivery Sydney $70 $3.3L Open 24/7,"Fast, reliable Nangs delivery in Sydney, 24/7! Get whipped cream chargers delivered to your door. Order now for quick service."
34,https://nangsdeliverygoldcoast.com.au/product-category/dispensers-crackers/,"[('nang cracker', 0), ('nang cracker', 1)]",Dispensers And Crackers - Nangs Delivery Gold Coast,
35,https://nangsman.com/,"[('nangs delivery near me', 0), ('nangs delivery near me', 1), ('nangs near me', 0), ('nangs near me', 1), ('nangs sydney', 0), ('nangs sydney', 1), ('nang sydney', 0), ('nang sydney', 1)]",Nang Delivery Sydney | 3.3L tank for $100 | Nangs near me ...,Sydney's premier choice for nangs delivery. Our average cream chargers delivery time is 25 minutes. We can price beat any competitors. No hidden delivery ...
36,https://nangsqueen.com.au/,"[('melbourne nang delivery', 1), ('nangs buy', 0), ('nangs buy', 1), ('melbourne nangs delivery', 0), ('melbourne nangs delivery', 1), ('nangs sydney', 0), ('nangs sydney', 1), ('nang delivery', 0), ('nang delivery', 1), ('nangs buy melbourne', 0), ('nangs buy melbourne', 1), ('nangs delivery', 0), ('nangs delivery', 1), ('melbourne nangs', 0), ('melbourne nangs', 1), ('nang sydney', 0), ('nang sydney', 1), ('nangs delivery melbourne', 0), ('nangs delivery melbourne', 1), ('buy nangs', 0), ('buy nangs', 1), ('nangs melbourne', 1)]",24/7 Nangs Delivery Melbourne Sydney | Cream Chargers,"The most trusted Nangs Delivery. Get nangs, cream chargers delivered across Melbourne and Sydney in Australia in 25 minutes, 24/7. Call us now: 0449877707."
37,https://nangsqueen.com.au/product/best-buy-fancy-whip-mint-615g/,"[('best nangs', 0), ('best nangs', 1)]",Best Buy Fancy Whip Mint 615G,"Best Buy Fancy Whip Mint 615G at Nangs Queen Fast Delivery! Open 24/7, deliver in 25 minutes across Sydney and Melbourne. Call us:0449877707r."
38,https://nangstar.com.au/,"[('melbourne nang delivery', 0), ('melbourne nang delivery', 1), ('melbourne nangs delivery', 1), ('melbourne nangs', 0), ('melbourne nangs', 1), ('nangs delivery melbourne', 0), ('nangs delivery melbourne', 1), ('nangs melbourne', 0), ('nangs melbourne', 1)]",Nangstar Cream Chargers Delivery Nangs ...,"Experience Melbourne's premier cream chargers delivery service with NangStar. We're the #1 choice for fast, reliable, and professional nangs delivery."
39,https://nangstuff.com.au/,"[('nangs buy', 0), ('nangs buy melbourne', 1), ('nangs delivery melbourne', 0), ('nangs delivery melbourne', 1), ('buy nangs', 0), ('buy nangs', 1), ('nangs melbourne', 1), ('nang city', 0), ('nang city', 1)]",Nang Delivery Melbourne 24/7 | Buy Cream Chargers,Get Fastest Nang Delivery Melbourne with premium cream chargers from NangStuff. Enjoy quick and reliable Nangs Delivery in 25 Minutes.
40,https://nangstuff.com.au/?srsltid=AfmBOopAh9UrGOxioblIS457J29tO0W6_1w2pjbYPRBcs9OPp9KfYUSG,"[('melbourne nangs delivery', 1)]",Nang Delivery Melbourne 24/7 | Buy Cream Chargers,Get Fastest Nang Delivery Melbourne with premium cream chargers from NangStuff. Enjoy quick and reliable Nangs Delivery in 25 Minutes.
41,https://nangstuff.com.au/?srsltid=AfmBOopFX6HZItu7G9ZEblOD49cYPz14rLTfU3GXj18Jt_pMtY4KUKQi,"[('nangs melbourne', 0)]",Nang Delivery Melbourne 24/7 | Buy Cream Chargers,Get Fastest Nang Delivery Melbourne with premium cream chargers from NangStuff. Enjoy quick and reliable Nangs Delivery in 25 Minutes.
42,https://nangstuff.com.au/?srsltid=AfmBOopWo1pK5J-HMs5h1fCIpMBooDHovsogeHydbqp0InfLaRfpeaID,"[('nangs buy melbourne', 0)]",Nang Delivery Melbourne 24/7 | Buy Cream ...,Get Fastest Nang Delivery Melbourne with premium cream chargers from NangStuff. Enjoy quick and reliable Nangs Delivery in 25 Minutes.
43,https://nangstuff.com.au/?srsltid=AfmBOophIr_ltpefjnlvZKHXV13Ehxq86v4aNPzyZMJN2N4q2SaH2x8H,"[('melbourne nangs', 0)]",Nang Delivery Melbourne 24/7 | Buy Cream Chargers,Get Fastest Nang Delivery Melbourne with premium cream chargers from NangStuff. Enjoy quick and reliable Nangs Delivery in 25 Minutes.
44,https://nangstuff.com.au/?srsltid=AfmBOopxVAno4hHR32-fDv_SoEdMxPAb3lHgZDwTaDTU2j0gbCGaOhIL,"[('melbourne nangs', 1)]",Nang Delivery Melbourne 24/7 | Buy Cream Chargers,Get Fastest Nang Delivery Melbourne with premium cream chargers from NangStuff. Enjoy quick and reliable Nangs Delivery in 25 Minutes.
45,https://nangstuff.com.au/?srsltid=AfmBOoqTnW01voTSxnwrkTrt6EbOuh9EI1BzWDdJpuiASYIyDaf4A629,"[('melbourne nang delivery', 0)]",Nang Delivery Melbourne 24/7 | Buy Cream Chargers,Get Fastest Nang Delivery Melbourne with premium cream chargers from NangStuff. Enjoy quick and reliable Nangs Delivery in 25 Minutes.
46,https://nangstuff.com.au/?srsltid=AfmBOorFKICQikwznukRAAzjIYoAECm98IUmsPvqciHBtlgB59dzZkCq,"[('melbourne nangs delivery', 0)]",Nang Delivery Melbourne 24/7 | Buy Cream Chargers,Get Fastest Nang Delivery Melbourne with premium cream chargers from NangStuff. Enjoy quick and reliable Nangs Delivery in 25 Minutes.
47,https://nangstuff.com.au/?srsltid=AfmBOorLRI44yiwxgkW2ZcJbIaliwk-A8gkL1lyl-_4tU8Ife2Qk2dtK,"[('nangs buy', 1)]",Nang Delivery Melbourne 24/7 | Buy Cream Chargers,Get Fastest Nang Delivery Melbourne with premium cream chargers from NangStuff. Enjoy quick and reliable Nangs Delivery in 25 Minutes.
48,https://nangstuff.com.au/?srsltid=AfmBOortRyJ9SAmJw9LFnqwy8-ADGLYaLeIytsqqGdC5TyIkEQZwW0dl,"[('melbourne nang delivery', 1)]",Nang Delivery Melbourne 24/7 | Buy Cream Chargers,Get Fastest Nang Delivery Melbourne with premium cream chargers from NangStuff. Enjoy quick and reliable Nangs Delivery in 25 Minutes.
49,https://nangsydney.com/,"[('nangs delivery near me', 0), ('nangs delivery near me', 1), ('nangs near me', 0), ('nangs near me', 1), ('nangs sydney', 0), ('nang delivery', 0), ('nang delivery', 1), ('nangs delivery', 0), ('nangs delivery', 1), ('nang sydney', 0), ('nang city', 0), ('nang city', 1)]",Nangs Delivery Sydney | Fastest Delivery 24/7 | 3.3L For $50,"NANGS DELIVERY SYDNEY OPEN 24/7​​ Most trusted Nangs Delivery provider in Sydney. Get whippers, cream chargers, tanks delivered across Sydney in 15-40 Mins."
50,https://nangsydney.com/shop/,"[('nangs sydney', 0), ('nangs sydney', 1)]",Nangs Sydney | Cream Chargers Free Delivery | Open 24/7,"24/7 Nangs Delivery Sydney: cheapest & fastest for nangs, tanks, cream chargers. Get your delivery in 15-40 Mins. Free delivery for nangs in sydney."
51,https://nangtank.com/,"[('nangs sydney', 0), ('nangs sydney', 1)]",Nangs Delivery Sydney | Cream Chargers Open 24/7 | 15-30 ...,"Sydney's top choice for nangs delivery 24/7. Free & Fast delivery of whippers, cream chargers, and tanks within 30 mins. we guarantee the fastest delivery and ..."
52,https://nitrouswhip.com.au/,"[('nitrous oxide whipped cream', 0), ('nitrous oxide whipped cream', 1)]",Whipped Cream Chargers & Cream Whippers Australia ...,"Our whipped cream chargers N2O nitrous oxide are perfect for whipped creams, sauces, mousses and other pastes. Turn them into light, fluffy fancy designs. Make ..."
53,https://nitrouswhip.com.au/nitrous-oxide-canisters-tanks-cylinders,"[('nitrous oxide buy', 0), ('nitrous oxide buy', 1), ('where to buy nitrous oxide', 0), ('where to buy nitrous oxide', 1), ('nitrous oxide canister', 1), ('buy nitrous oxide canisters', 0), ('buy nitrous oxide canisters', 1), ('buy nitrous oxide', 1), ('nitrous oxide canisters for sale', 0), ('nitrous oxide canisters for sale', 1), ('nitrous oxide for sale', 0), ('nitrous oxide for sale', 1), ('nitrous oxide canisters', 0), ('nitrous oxide canisters', 1), ('nitrous oxide tank', 0), ('nitrous oxide tank', 1)]",Nitrous Oxide Cylinders For Sale | Buy Cheap ...,The nitrous oxide cream chargers sold on this site are for the preparation of food products. Whip cream chargers are used to whip various food products such as ...
54,https://offyatree.com.au/collections/cream-chargers,"[('whipped cream chargers', 0), ('whipped cream chargers', 1)]",Buy Whipped Cream Dispensers and Chargers,"Buy a high-quality whipped cream charger and dispenser online in Australia for home use. You can prepare delicious cold ingredients such as whipped creams, ..."
55,https://open.spotify.com/episode/4y4h4yHkjCbU2U151Rzh1R,"[('nangs delivery brisbane', 1)]",Nangs Delivery Brisbane,"... Nangs Delivery Brisbane and get it delivered to your doorsteps. Official Website: https://www.nangsdelivery.com/ Nangs Delivery Address: Melbourne, AUS ..."
56,https://perthchargers.com.au/,"[('nangs perth', 0), ('nangs perth', 1), ('where to buy nangs', 0), ('where to buy nangs', 1)]",Perth Nangs - Cream Chargers Express Perth 24/7 Delivery,"PerthChargers is Perth's best Cream Charger Delivery 24/7 Service. Top supplier of cream chargers nangs in Perth, WA. Open 24 Hours, 365 Days."
57,https://perthcreamchargers.com/,"[('nang delivery', 0), ('nang delivery', 1), ('nangs perth', 0), ('nangs perth', 1)]",Perth Cream Chargers | Nang Delivery 24/7 Perth Cream ...,"$499.99. SHOP NOW. Located in Perth, Western Australia. We offer true 24/7 instant express cream charger delivery up to 100km from Perth's CBD. We are open 365 ..."
58,https://perthnangs.com/,"[('nangs perth', 0), ('nangs perth', 1)]",Perth Nangs | Perth Cream Charger Nang Delivery 24/7 ...,Perth Nangs open & delivering cream chargers & nangs to your door in Perth within 45 minutes at any time of the day or night with our 24/7 service.
59,https://ssesgas.com/,"[('nangs cream chargers', 0), ('nangs cream chargers', 1)]",Cream Chargers | Nos Canisters | SSES Delivery,"We offers fastest home delivery service in Sydney for Nangs, cream whippers, cream chargers, dispensers, nitrous oxide whipped cream, and N2O tanks."
60,https://ssesgas.com/the-fastest-and-most-affordable-nitrous-oxide-cylinder-delivery-from-ssesgas-online-store-in-australia/,"[('where to buy nitrous oxide', 1), ('buy nitrous oxide', 0), ('buy nitrous oxide', 1)]",Fastest And Most Affordable Nitrous Oxide Cylinder,30 Jan 2023 — 
61,https://startwhip.com.au/collections/startwhip-max-3-3l-combo-cream-chargers,"[('nitrous oxide buy', 1), ('buy nitrous oxide canisters', 1), ('buy nitrous oxide', 1), ('nitrous oxide canisters for sale', 1), ('nitrous oxide for sale', 1), ('nitrous oxide canisters', 1)]",3.3L TANK CREAM CHARGERS COMBO,"Startwhip.com.au is an Australian online retailer selling 8G, 580G, 660G, 3.3XL Cream Chargers (N2O - Nitrous Oxide), Cream Whippers, and other related ..."
62,https://startwhip.com.au/collections/startwhip-max-3-3l-combo-cream-chargers?srsltid=AfmBOooB8ITQCEccDE9wGGfmTWDfpEjxOsNj2Ss6dKcMlgM9tJ2eChLY,"[('nitrous oxide canister', 0)]",3.3L TANK CREAM CHARGERS COMBO - Startwhip Max AU,"Startwhip.com.au is an Australian online retailer selling 8G, 580G, 660G, 3.3XL Cream Chargers (N2O - Nitrous Oxide), Cream Whippers, and other related ..."
63,https://startwhip.com.au/collections/startwhip-max-3-3l-combo-cream-chargers?srsltid=AfmBOop5IF3d9FnNyMkdCziyk75MFNlh9UTbihyeupCnYkGkdGyKwirT,"[('nitrous oxide for sale', 0)]",3.3L TANK CREAM CHARGERS COMBO - Startwhip Max AU,"Startwhip.com.au is an Australian online retailer selling 8G, 580G, 660G, 3.3XL Cream Chargers (N2O - Nitrous Oxide), Cream Whippers, and other related ..."
64,https://startwhip.com.au/collections/startwhip-max-3-3l-combo-cream-chargers?srsltid=AfmBOopK8tCeqk_6dmp4tNudXFdm84mg2Ix_DNeXJqaFSiJiXvMztdRT,"[('nitrous oxide tank', 0)]",3.3L TANK CREAM CHARGERS COMBO - Startwhip Max AU,"3.3L TANK CREAM CHARGERS COMBO ... Startwhip.com.au is an Australian online retailer selling 8G, 580G, 660G, 3.3XL Cream Chargers (N2O - Nitrous Oxide), Cream ..."
65,https://startwhip.com.au/collections/startwhip-max-3-3l-combo-cream-chargers?srsltid=AfmBOopT3Y-Dw1ygeIDyy-2HarMSIqAFHk1JacPluexMqvaKczhBn61Z,"[('nitrous oxide buy', 0)]",3.3L TANK CREAM CHARGERS COMBO - Startwhip Max AU,"Startwhip.com.au is an Australian online retailer selling 8G, 580G, 660G, 3.3XL Cream Chargers (N2O - Nitrous Oxide), Cream Whippers, and other related ..."
66,https://startwhip.com.au/collections/startwhip-max-3-3l-combo-cream-chargers?srsltid=AfmBOopxbrAyn2FTF75WaGhiAaqghnKfXTCIvPQQVJKjRGdtoRAJhAlc,"[('nitrous oxide tank', 1)]",3.3L TANK CREAM CHARGERS COMBO - Startwhip Max AU,"3.3L TANK CREAM CHARGERS COMBO ... Startwhip.com.au is an Australian online retailer selling 8G, 580G, 660G, 3.3XL Cream Chargers (N2O - Nitrous Oxide), Cream ..."
67,https://startwhip.com.au/collections/startwhip-max-3-3l-combo-cream-chargers?srsltid=AfmBOoqehsDTQO2BwvCeQHRrAQJslqVHeDxRq1sJogEZ45SOU6tX_mut,"[('nitrous oxide canisters for sale', 0)]",3.3L TANK CREAM CHARGERS COMBO,Startwhip Max carries N2O professional cream chargers and whipped cream whippers based in Melbourne. The only place where can buy whipped cream chargers.
68,https://startwhip.com.au/collections/startwhip-max-3-3l-combo-cream-chargers?srsltid=AfmBOorIHXmogB9jlS-4WdunDK12qjPJB_nmdUWF20GTkcbN4Ith_XhV,"[('nitrous oxide canisters', 0)]",3.3L TANK CREAM CHARGERS COMBO - Startwhip Max AU,"Cream Dispenser ... Startwhip.com.au is an Australian online retailer selling 8G, 580G, 660G, 3.3XL Cream Chargers (N2O - Nitrous Oxide), Cream Whippers, and ..."
69,https://startwhip.com.au/collections/startwhip-max-3-3l-combo-cream-chargers?srsltid=AfmBOorU2tJSQqn1e4AbwiflApjC1O3rHk34j7eE9bMZC0jGAHc7eHCr,"[('nitrous oxide canister', 1)]",3.3L TANK CREAM CHARGERS COMBO - Startwhip Max AU,"Startwhip.com.au is an Australian online retailer selling 8G, 580G, 660G, 3.3XL Cream Chargers (N2O - Nitrous Oxide), Cream Whippers, and other related ..."
70,https://startwhip.com.au/collections/startwhip-max-3-3l-combo-cream-chargers?srsltid=AfmBOorcfOIE7sjmyCDF9eBjXo8YYcUkuuOcRJKM4TB9R-9vZ_-sIwoK,"[('buy nitrous oxide', 0)]",3.3L TANK CREAM CHARGERS COMBO - Startwhip Max AU,Startwhip Max carries N2O professional cream chargers and whipped cream whippers based in Melbourne. The only place where can buy whipped cream chargers.
71,https://startwhip.com.au/collections/startwhip-max-3-3l-combo-cream-chargers?srsltid=AfmBOorh-8xqvbbEngEgUTltJmDkyB2PtRbyUPmGa9pOIDpAb6ndkwcd,"[('buy nitrous oxide canisters', 0)]",3.3L TANK CREAM CHARGERS COMBO - Startwhip Max AU,Startwhip Max carries N2O professional cream chargers and whipped cream whippers based in Melbourne. The only place where can buy whipped cream chargers.
72,https://theconversation.com/whipping-cream-canisters-have-many-uses-beyond-nangs-banning-them-isnt-necessary-164870,"[('nitrous oxide whipped cream', 0), ('nitrous oxide whipped cream', 1)]",Whipping cream canisters have many uses beyond 'nangs'. ...,27 July 2021 — 
73,https://tourfinder.au/experience/da-nang-city-tour-marble-mountain-lady-buddha-statue-private-tour-VIATOR-73792P81,"[('nang city', 0)]",Da Nang City Tour-Marble Mountain-Lady Buddha Statue ...,"TOUR PROGRAM : 8:00 or 13:00: Our guide pick you up at your hotel in Da Nang or Hoi An City. Then,Transfer to the Marble Mountains consisting of five marble ..."
74,https://vietnam.travel/places-to-go/central-vietnam/da-nang,"[('nang city', 0)]",Da Nang,... city. Set out in the early morning to take a serene walk up ... The Da Nang International Airport has several daily connections to major cities in Vietnam.
75,https://whipitgoodbrisbane.com.au/,"[('nangs delivery', 0), ('nangs delivery', 1), ('nangs delivery brisbane', 0), ('nangs delivery brisbane', 1), ('nangs brisbane', 0), ('nangs brisbane', 1), ('all night nangs', 1)]",Whip It Good Brisbane | Nangs Delivery Brisbane | Cream ...,DELIVERING TO THE GREATER BRISBANE (15-60 Minutes) · Sort by Default Order · Sort by Name · Sort by Price · Sort by Date · Sort by Popularity · Sort by Rating.
76,https://www.abc.net.au/news/2024-03-26/wa-toughest-nang-ban-nitrous-oxide-explained/103628656,"[('nangs perth', 1)]",WA has introduced what it says are the 'toughest' nang ...,25 Mar 2024 — 
77,https://www.alibaba.com/showroom/nitrous-oxide-canisters.html,"[('nitrous oxide canisters for sale', 0), ('nitrous oxide canisters for sale', 1)]",Nitrous Oxide Canisters(210+),"Nitrous Oxide Canisters(210+) ; $1,200.00 - $3,000.00. Min. order: 1 unit ; $14.80 - $26.80. Min. order: 128 pieces ; $17.00 - $19.00. Min. order: 2 pieces ; $9.00 ..."
78,https://www.aliexpress.com/w/wholesale-nitrous-cracker.html,"[('nang cracker', 0), ('nang cracker', 1)]",Nitrous Cracker - Home & Garden,Shop nitrous cracker at great deals online. The mini size and compact structure make this nitrous cracker easy to carry.
79,https://www.amazon.com.au/Nang-City-Wonders/dp/819054019X,"[('nang city', 0), ('nang city', 1)]",Da Nang: The City of Wonders - | 9788190540193,Da Nang: The City of Wonders ; Returns. Eligible for change of mind returns within 30 days of receipt ; Language. English ; Dimensions. 20.3 x 25.4 x 4.7 cm ; ISBN- ...
80,https://www.amazon.com.au/cream-chargers/s?k=cream+chargers,"[('cream chargers', 0), ('cream chargers', 1)]",Cream Chargers,"Professional Whipped Cream Dispenser - Stainless Steel Whipped Cream Maker, Large 500ml / 1 Pint Capacity Whip Canister, Includes 3 Various Stainless Culinary ..."
81,https://www.amazon.com.au/whipped-cream-chargers/s?k=whipped+cream+chargers,"[('whipped cream chargers', 0), ('whipped cream chargers', 1)]",Whipped Cream Chargers,"Professional Whipped Cream Dispenser - Stainless Steel Whipped Cream Maker, Large 500ml / 1 Pint Capacity Whip Canister, Includes 3 Various Stainless Culinary ..."
82,https://www.amazon.com/Creamright-Ultra-Purewhip-50-Pack-Whipped-Chargers/dp/B009OVU93E,"[('nitrous oxide whipped cream', 0), ('nitrous oxide whipped cream', 1)]",Ultra-Purewhip N2O Cream Chargers - 8g Premium ...,"Pure and Neutral: Each whipped cream charger tank is precisely filled with 100% nitrous oxide, ensuring a pure, taste-neutral output ideal for delicate whips, ..."
83,https://www.amazon.com/nitrous-canisters/s?k=nitrous+canisters,"[('nitrous oxide canister', 1), ('nitrous oxide canisters', 0), ('nitrous oxide canisters', 1)]",Nitrous Canisters,"... Nitrous Tank Whip Cream Charger, Nitrous Oxide Canister, Whip It N20 Whipped Cream Chargers, NO2 Nitrous Oxide Tank · 4.84.8 out of 5 stars. (20). $37.99$37.99."
84,https://www.amazon.com/nitrous-tank/s?k=nitrous+tank,"[('nitrous oxide tank', 0), ('nitrous oxide tank', 1)]",Nitrous Tank - Amazon.com,"NO2 cylinder Nitrous Oxide Tank 640g Whipped Cream Charger 1-Pack, 14.37 x 3.82 x 3.62, Blue, 640-Q1 · 50+ bought in past month. $39.99$39.99. FREE delivery Thu ..."
85,https://www.benchargers.com/,"[('nangs delivery brisbane', 0), ('nangs delivery brisbane', 1), ('nangs brisbane', 0), ('nangs brisbane', 1)]",Benchargers | Brisbane Cream Chargers | Premium Nangs ...,"Benchargers is Premium Nang Delivery Services in Brisbane, providing the best service and best product in the market. We deliver 50km within Brisbane area. For ..."
86,https://www.boc.com.au/shop/en/au/medical-nitrous-oxide,"[('nitrous oxide buy', 0), ('nitrous oxide buy', 1), ('where to buy nitrous oxide', 0), ('where to buy nitrous oxide', 1), ('nitrous oxide for sale', 0), ('nitrous oxide for sale', 1), ('nitrous oxide tank', 0), ('nitrous oxide tank', 1)]",Medical Nitrous Oxide - Gas,Nitrous Oxide >98%; Gas Grade: Medical Grade; Supply Mode: Cylinder; Brand ... Buy from BOC at any time; Keep track of deliveries; View & download invoices ...
87,https://www.creamcity.com.au/cream-city-perth-365-24-7-delivery-whipped-cream-chargers,"[('nangs perth', 1)]",Cream City Perth 24/7 Delivery Whipped Cream Chargers,PERTH NANG DELIVERY 24/7. Cream City offers the lowest prices on nangs. Cream City aims to complete all deliveries within 20 to 60 minutes.
88,https://www.creamify.com.au/creamify-brisbane-365-24-7-delivery-whipped-cream-chargers,"[('nangs delivery brisbane', 0), ('nangs delivery brisbane', 1), ('nangs brisbane', 0), ('nangs brisbane', 1)]",Creamify Brisbane 24/7 Delivery Whipped Cream Chargers,BRISBANE NANG DELIVERY 24/7. Creamify offers the lowest prices on nangs. Creamify aims to complete all deliveries within 20 to 60 minutes.
89,https://www.creamshop.com.au/brisbane-cream-shop-365-24-7-delivery-whipped-cream-chargers,"[('nangs delivery brisbane', 0), ('nangs delivery brisbane', 1), ('nangs brisbane', 0), ('nangs brisbane', 1)]",Brisbane Cream Shop 24/7 Delivery Whipped Cream Chargers,"BRISBANE NANG DELIVERY 24/7. Cream Shop aims to complete all deliveries within 20 to 60 minutes. Cream Shop is open 24 hours per day, 7 days per week."
90,https://www.creamwhip.com.au/nangs-and-nitrous-oxide/,"[('nangs cream chargers', 0), ('nangs cream chargers', 1)]",Nangs and Nitrous Oxide,"“Nangs” is a slang term in Australia for nitrous oxide whipped cream chargers. Specifically, nangs usually refer to whipped cream bulbs. They can also be ..."
91,https://www.dicksmith.com.au/da/buy/aussie-wholesale-store-cream-chargers-greatwhip-no2-nitrous-oxide-food-use-whipper-bulb-canisters-6783480266832-40009905569872/,"[('nitrous oxide canisters', 1)]",GreatWhip NO2 Nitrous Oxide Food Use Whipper Bulb ...,Discover offers on Cream Chargers - GreatWhip NO2 Nitrous Oxide Food Use Whipper Bulb Canisters at Dick Smith. Browse our extensive collection of Whisks ...
92,https://www.discountcream.co.uk/product-category/cream-chargers/n2o-tanks-cylinders/,"[('nitrous oxide buy', 0), ('nitrous oxide canisters for sale', 1)]",Buy Nitrous Oxide Tanks & Cylinders Online,"Buy Nitrous Oxide Tanks & Cylinders Online ... Nitrous oxide tanks & cylinders offer high-quality food-grade nitrous oxide, that offers a maximum efficiency cream ..."
93,https://www.drugrehab.com/addiction/drugs/inhalants/whippits/,"[('nitrous oxide whipped cream', 0), ('nitrous oxide whipped cream', 1)]",Whippits | 10 Facts to Know About Inhaling Nitrous Oxide,20 Mar 2023 — 
94,https://www.ebay.com.au/p/2211418854,"[('nang cracker', 0), ('nang cracker', 1)]",Cream Charger Cracker N2o Bulb Cracker Mini Whipped ...,Find many great new & used options and get the best deals for Cream Charger Cracker N2o Bulb Cracker Mini Whipped Aluminium Nang Cracker V2 at the best online
95,https://www.ezychargers.com.au/,"[('cream chargers', 0), ('cream chargers', 1), ('whipped cream chargers', 0), ('whipped cream chargers', 1)]",Ezychargers | Cream Chargers and Cream Whippers,Ezywhip Plus Cream Chargers N2O 8.5g 10 Pack x 36 (360 Bulbs) ... Get more bang for your buck with our superior 8.5g cream chargers filled with pure Nitrous Oxide ...
96,https://www.ezywhip.com.au/,"[('cream chargers', 0), ('cream chargers', 1), ('whipped cream chargers', 0), ('whipped cream chargers', 1)]",Ezywhip Cream Chargers and Cream Whippers,"Established in 2011, Ezywhip is Australia's biggest brand in cream chargers, cream whippers, soda chargers, soda syphons and related accessories."
97,https://www.ezywhip.com.au/australia-vic-victoria-melbourne-wholesale-whipped-cream-chargers-whippers,"[('whipped cream chargers', 1)]",Cream Chargers and Cream Whippers | Ezywhip Melbourne,Whipped cream is a mixture where a gas is suspended in a liquid where the liquid component is the heavy whipping cream. Traditionally whipped cream was made by ...
98,https://www.facebook.com/bestnangs/,"[('best nangs', 0), ('best nangs', 1)]",Best Nangs,"Vist the Best Nangs shop to purchase Nangs products. Cream whippers, cream canisters and more! Buy now and get immediate delivery in Melbourne suburbs! https:// ..."
99,https://www.facebook.com/nang.deliverybrisbane/,"[('nangs delivery brisbane', 0), ('nangs delivery brisbane', 1)]",Nang Delivery Brisbane,"Instant delivery Cream charger Nang delivery Brisbane. Lowest prices. Express/late night delivery! Posts. Photos. 󱜏. Lives in Brisbane, Queensland, ..."
100,https://www.facebook.com/perthnangs/,"[('nangs perth', 1)]",Perth Nangs | Perth WA,
101,https://www.foodanddrinkbusiness.com.au/directory/best-nangs,"[('best nangs', 0), ('best nangs', 1)]",Best Nangs,"Best Nangs is a cream whipping equipment supplier in Melbourne, Victoria. We supply and deliver all of the top cream charger and whipped cream dispenser brands."
102,https://www.ikegger.com/products/cream-charger-bulbs-10-pack,"[('buy nitrous oxide', 1), ('nitrous oxide for sale', 1)]",Cream Charger | Nitrous Oxide| 10 pack of 8g Bulbs,10 pack of cream charger bulbs (nitrous oxide). Great for dispensing cocktails and cold brew coffee.
103,https://www.ikegger.com/products/cream-charger-bulbs-10-pack?srsltid=AfmBOooLtP0lRZlvdevUUhf7WEOXoy-QkhXK4KhPy5bd1QQ1onhDkbM-,"[('buy nitrous oxide', 0)]",Cream Charger | Nitrous Oxide| 10 pack of 8g Bulbs,10 pack of cream charger bulbs (nitrous oxide). Great for dispensing cocktails and cold brew coffee.
104,https://www.ikegger.com/products/cream-charger-bulbs-10-pack?srsltid=AfmBOop4UHoVY6ieHNMZSrxOvfkx6Z2viCAjlbhlOOVIm5gponZ2Sl-u,"[('where to buy nitrous oxide', 1)]",Cream Charger | Nitrous Oxide| 10 pack of 8g Bulbs,10 pack of cream charger bulbs (nitrous oxide). Great for dispensing cocktails and cold brew coffee.
105,https://www.ikegger.com/products/cream-charger-bulbs-10-pack?srsltid=AfmBOopDpLPtj4OS-WbewWTtsMtzihMkFwAQbnK7iMBoOtXDiXRDZv7j,"[('nitrous oxide for sale', 0)]",Cream Charger | Nitrous Oxide| 10 pack of 8g Bulbs,8g Pure Nitrous Oxide | Nitro Coffee Etc | 10 Pack. Regular price $11.00 AUD. Regular price Sale price $11.00 AUD. Unit price / per. Sale Sold out. Tax included ...
106,https://www.ikegger.com/products/cream-charger-bulbs-10-pack?srsltid=AfmBOopIwKCqLV6MgbT_SULcLfjKtU7B0_RfIod09GskNwTOaS4ZfFrz,"[('where to buy nitrous oxide', 0)]",Cream Charger | Nitrous Oxide| 10 pack of 8g Bulbs,10 pack of cream charger bulbs (nitrous oxide). Great for dispensing cocktails and cold brew coffee.
107,https://www.marzwhip.com/product-page/640g-whipped-cream-charger,"[('nitrous oxide whipped cream', 1)]",PURE UNFLAVORED 1.1 LITER / 680 GRAMS ...,"Our tanks contain of food-grade nitrous oxide, producing 42.5 liters of whipped cream. Enjoy nourishing, fresh homemade whipped cream without additives. No ..."
108,https://www.melbournenangsdelivery.com.au/,"[('melbourne nang delivery', 0), ('melbourne nang delivery', 1), ('melbourne nangs delivery', 0), ('melbourne nangs delivery', 1), ('nangs buy melbourne', 0), ('nangs buy melbourne', 1), ('melbourne nangs', 0), ('melbourne nangs', 1), ('nangs delivery melbourne', 0), ('nangs delivery melbourne', 1), ('nangs melbourne', 0), ('nangs melbourne', 1)]",Melbourne Nangs Delivery | Tanks for $30 Open 24/7 ...,"Nangs Delivery Melbourne's is fastest cream chargers service open 24/7, with over 20+ five star reviews from happy customers. Order online with the most ..."
109,https://www.melbournenangsdelivery.com.au/product-page/premium-cream-charger-nang-cracker-dispenser-rubber-grip,"[('nang cracker', 0), ('nang cracker', 1)]",Nang Cracker | Melbourne Nangs Delivery,Superior quality aluminium Nang Cream Charger Cracker. Simple and easy Twist'n'Turn method to 'crack' open your nangs for instant whipped cream.
110,https://www.miamimagic.com.au/collections/culinary-grade-cylinders-n2o-nitrous-oxide-canisters,"[('nitrous oxide buy', 1), ('buy nitrous oxide canisters', 1), ('buy nitrous oxide', 1), ('nitrous oxide canisters for sale', 1), ('nitrous oxide for sale', 1), ('nitrous oxide canisters', 1)]",Buy Nitrous Oxide Canisters | Culinary Grade N2O ...,"Buy premium Nitrous Oxide canisters for culinary excellence at Miami Magic Australia. Explore our range of 580g, 615g, 640g, and 2050g N2O canisters."
111,https://www.miamimagic.com.au/collections/culinary-grade-cylinders-n2o-nitrous-oxide-canisters?srsltid=AfmBOoo2oan3TqoBhtgY1BqXgah6LWMXDPfxeFMU4qzof-qKnrLdsz-A,"[('nitrous oxide canister', 1)]",Buy Nitrous Oxide Canisters | Culinary Grade N2O Cylinders,"Buy premium Nitrous Oxide canisters for culinary excellence at Miami Magic Australia. Explore our range of 580g, 615g, 640g, and 2050g N2O canisters."
112,https://www.miamimagic.com.au/collections/culinary-grade-cylinders-n2o-nitrous-oxide-canisters?srsltid=AfmBOooKwFkHCCP8HHWxsKAtobnGlJ0R-VUYdzyNaoCs_sCG7nSBUTpB,"[('nitrous oxide canister', 0)]",Buy Nitrous Oxide Canisters | Culinary Grade N2O Cylinders,"Buy premium Nitrous Oxide canisters for culinary excellence at Miami Magic Australia. Explore our range of 580g, 615g, 640g, and 2050g N2O canisters."
113,https://www.miamimagic.com.au/collections/culinary-grade-cylinders-n2o-nitrous-oxide-canisters?srsltid=AfmBOoorKIgHi9Ir2wRrn81MJX5RoMoqRYUKn-mY6hsuYRuR9LrpCvIl,"[('nitrous oxide canisters for sale', 0)]",Buy Nitrous Oxide Canisters | Culinary Grade N2O ...,"Buy premium Nitrous Oxide canisters for culinary excellence at Miami Magic Australia. Explore our range of 580g, 615g, 640g, and 2050g N2O canisters."
114,https://www.miamimagic.com.au/collections/culinary-grade-cylinders-n2o-nitrous-oxide-canisters?srsltid=AfmBOop5ckJcGBX_G-hr2axqRsIiFD3ZZU4D2TcLElq2dFk7ged8TlnW,"[('where to buy nitrous oxide', 0)]",Buy Nitrous Oxide Canisters | Culinary Grade N2O ...,"Buy premium Nitrous Oxide canisters for culinary excellence at Miami Magic Australia. Explore our range of 580g, 615g, 640g, and 2050g N2O canisters."
115,https://www.miamimagic.com.au/collections/culinary-grade-cylinders-n2o-nitrous-oxide-canisters?srsltid=AfmBOop6QoVR4Bq6HJLJtxTJS4EwEq_XGmqlcFSNTQCikTGZMFRb6f5f,"[('nitrous oxide tank', 1)]",Buy Nitrous Oxide Canisters | Culinary Grade N2O Cylinders,"Buy premium Nitrous Oxide canisters for culinary excellence at Miami Magic Australia. Explore our range of 580g, 615g, 640g, and 2050g N2O canisters."
116,https://www.miamimagic.com.au/collections/culinary-grade-cylinders-n2o-nitrous-oxide-canisters?srsltid=AfmBOopS1vq9SDioR_r_QgBch5iCFIQoUkAWGw6jO9qxX4a7dXv26UCg,"[('nitrous oxide tank', 0)]",Buy Nitrous Oxide Canisters | Culinary Grade N2O Cylinders,"Buy premium Nitrous Oxide canisters for culinary excellence at Miami Magic Australia. Explore our range of 580g, 615g, 640g, and 2050g N2O canisters."
117,https://www.miamimagic.com.au/collections/culinary-grade-cylinders-n2o-nitrous-oxide-canisters?srsltid=AfmBOopVwvpbkzxp4kpMlHpuPdcmzX5P8dkRoHQYf5O_xMfMt5HH_YyH,"[('nitrous oxide for sale', 0)]",Buy Nitrous Oxide Canisters | Culinary Grade N2O Cylinders,"Buy premium Nitrous Oxide canisters for culinary excellence at Miami Magic Australia. Explore our range of 580g, 615g, 640g, and 2050g N2O canisters."
118,https://www.miamimagic.com.au/collections/culinary-grade-cylinders-n2o-nitrous-oxide-canisters?srsltid=AfmBOoq8nZqGrmT0R7sQ9YQjhs1PRCaaHT2cWvpNdFGvAYa62uEyUAfQ,"[('where to buy nitrous oxide', 1)]",Buy Nitrous Oxide Canisters | Culinary Grade N2O Cylinders,"Buy premium Nitrous Oxide canisters for culinary excellence at Miami Magic Australia. Explore our range of 580g, 615g, 640g, and 2050g N2O canisters."
119,https://www.miamimagic.com.au/collections/culinary-grade-cylinders-n2o-nitrous-oxide-canisters?srsltid=AfmBOorEdaxtbS4fVMpduD1MsPIeK4blq4dBr8r4n13YHLu_FG87ubza,"[('nitrous oxide buy', 0)]",Buy Nitrous Oxide Canisters | Culinary Grade N2O Cylinders,"Buy premium Nitrous Oxide canisters for culinary excellence at Miami Magic Australia. Explore our range of 580g, 615g, 640g, and 2050g N2O canisters."
120,https://www.miamimagic.com.au/collections/culinary-grade-cylinders-n2o-nitrous-oxide-canisters?srsltid=AfmBOorjVlfR8FRQEGOjqjzvdEXQ9H1H4opfS8N3wBrPTdD8gvCA7Tlf,"[('buy nitrous oxide canisters', 0)]",Buy Nitrous Oxide Canisters | Culinary Grade N2O Cylinders,"Buy premium Nitrous Oxide canisters for culinary excellence at Miami Magic Australia. Explore our range of 580g, 615g, 640g, and 2050g N2O canisters."
121,https://www.miamimagic.com.au/collections/culinary-grade-cylinders-n2o-nitrous-oxide-canisters?srsltid=AfmBOormB5Xi-FNedprqG0CeNBOtH6ZX8gRP0rV6IcNKA_VExKgJqWmr,"[('buy nitrous oxide', 0)]",Buy Nitrous Oxide Canisters | Culinary Grade N2O Cylinders,"Buy premium Nitrous Oxide canisters for culinary excellence at Miami Magic Australia. Explore our range of 580g, 615g, 640g, and 2050g N2O canisters."
122,https://www.miamimagic.com.au/collections/culinary-grade-cylinders-n2o-nitrous-oxide-canisters?srsltid=AfmBOorofD7mtiAH5yAtmDm_kQ8-bThP8z8XVhpXjMw9kbmDQO9y6tnZ,"[('nitrous oxide canisters', 0)]",Buy Nitrous Oxide Canisters | Culinary Grade N2O Cylinders,"Buy premium Nitrous Oxide canisters for culinary excellence at Miami Magic Australia. Explore our range of 580g, 615g, 640g, and 2050g N2O canisters."
123,https://www.mrcream.com.au/,"[('nangs delivery near me', 0), ('nangs delivery near me', 1), ('melbourne nang delivery', 0), ('melbourne nang delivery', 1), ('nangs buy', 0), ('nangs buy', 1), ('nangs near me', 0), ('nangs near me', 1), ('melbourne nangs delivery', 0), ('melbourne nangs delivery', 1), ('nang delivery', 0), ('nang delivery', 1), ('nangs buy melbourne', 0), ('nangs buy melbourne', 1), ('nangs delivery', 0), ('nangs delivery', 1), ('melbourne nangs', 0), ('melbourne nangs', 1), ('nangs delivery melbourne', 0), ('nangs delivery melbourne', 1), ('buy nangs', 0), ('buy nangs', 1), ('nangs melbourne', 0), ('nangs melbourne', 1), ('nangs cream chargers', 0), ('nangs cream chargers', 1), ('where to buy nangs', 0), ('where to buy nangs', 1), ('nang city', 0), ('nang city', 1)]",Mr Cream: Cream Chargers & Nang Delivery Melbourne,"The Leaders in Nang Delivery in Melbourne, Perth, and Sydney. Delivery Hours. Open 24/7 and Ready to Deliver. Are you looking to buy cream chargers nangs?"
124,https://www.mrnangs.com.au/,"[('nangs delivery near me', 0), ('nangs delivery near me', 1), ('nangs near me', 0), ('nangs near me', 1), ('nangs sydney', 0), ('nangs sydney', 1), ('nang delivery', 1), ('nangs delivery', 1), ('nang sydney', 0), ('nang sydney', 1)]",Nangs Delivery Sydney | 30 Min VIP Delivery | Real 24/7 ...,"Mr Nangs is Sydney's fastest nangs delivery and cream chargers store, with over 60+ five star reviews. Free delivery across Sydney in under 30 minutes ..."
125,https://www.mrnangs.com.au/post/crack-the-code-mastering-the-nang-cracker-with-mrnangs-com-au,"[('nang cracker', 0), ('nang cracker', 1)]",Crack the Code: Mastering the Nang Cracker with ...,22 Dec 2023 — 
126,https://www.nang-delivery.com.au/,"[('nangs sydney', 0), ('nangs sydney', 1), ('nang sydney', 0), ('nang sydney', 1)]",Nangs Delivery Sydney | Buy Nangs Online 24/7 | Fast Service,"Buy Nangs online in Sydney with 24/7 fast Nangs delivery service. From cream chargers, tanks to dispensers, get everything delivered to your home, call now."
127,https://www.nangdeliverybrisbane.com.au/,"[('nangs delivery near me', 0), ('nangs delivery near me', 1), ('nangs buy', 0), ('nangs buy', 1), ('nangs near me', 0), ('nangs near me', 1), ('nang delivery', 0), ('nang delivery', 1), ('nangs delivery', 0), ('nangs delivery', 1), ('buy nangs', 0), ('buy nangs', 1), ('nangs delivery brisbane', 0), ('where to buy nangs', 0), ('where to buy nangs', 1), ('nangs brisbane', 0), ('nangs brisbane', 1)]",Nang Delivery Brisbane | Cream Charger | 24/7 Home Delivery,"Nangs Delivery Brisbane is fastest cream chargers Home Delivery service open 24/7, with over 20+ five star reviews from happy customers."
128,https://www.nangdeliverybrisbane.com.au/faq,"[('nangs delivery brisbane', 0), ('nangs delivery brisbane', 1)]",FAQ | Nangs Delivery Brisbane | Cheap Cream Chargers,"Nang Delivery Brisbane offers fast delivery in Brisbane for nangs, a cream whipper, and all of your birthday party and baking needs. Our delivery times are ..."
129,https://www.nangdeliverybrisbane.com.au/product-page/premium-cream-charger-nang-cracker-dispenser-rubber-grip,"[('nang cracker', 0)]",Nang Cracker,Superior quality aluminium Nang Cream Charger Cracker. Simple and easy Twist'n'Turn method to 'crack' open your nangs for instant whipped cream.
130,https://www.nangdeliverybrisbane.com.au/shop,"[('nangs brisbane', 0), ('nangs brisbane', 1)]",Shop,"Nangs Delivery Brisbane is open 24 hours for instant nangs, cream whippers, cream chargers, whipped cream charger, tanks & bulbs."
131,https://www.nangdeliverygoldcoast.com.au/,"[('best nangs', 0), ('best nangs', 1), ('all night nangs', 0), ('all night nangs', 1)]",24 hours Nangs Gold Coast | Cream Chargers,"Nang Delivery Gold Coast is open 24 hours for instant nangs delivery, cream whippers, cream chargers, whipped cream chargers, tank canisters & bulbs."
132,https://www.nangdeliveryhobart.com.au/product-page/premium-cream-charger-nang-cracker-dispenser-rubber-grip,"[('nang cracker', 0), ('nang cracker', 1)]",Nang Cracker | Nang Delivery Hobart,
133,https://www.nangsdeliveryservice.com.au/product/nang-cream-charger-cracker/,"[('nang cracker', 0), ('nang cracker', 1)]",Cream Charger Cracker,Cream Charger Cracker. $28.00. Manufactured from high quality aluminium. Made to quickly deliver nitrous oxide for instant whipped cream.
134,https://www.nangsperth.com.au/,"[('nangs delivery near me', 0), ('nangs delivery near me', 1), ('nangs near me', 0), ('nangs near me', 1), ('nang delivery', 0), ('nang delivery', 1), ('cream chargers', 0), ('cream chargers', 1), ('nangs perth', 0), ('nangs delivery', 0), ('nangs delivery', 1), ('buy nangs', 0), ('buy nangs', 1), ('nangs cream chargers', 0), ('nangs cream chargers', 1), ('where to buy nangs', 0), ('where to buy nangs', 1), ('best nangs', 0), ('best nangs', 1)]",Perth Nangs | Perth Cream Chargers Delivery 24/7,"Nangs Perth is open 24 hours for instant nangs home delivery, cream whippers, tanks, N20 canister, cream chargers, whipped cream chargers, tanks & bulbs."
135,https://www.nangsperth.com.au/product-page/premium-cream-charger-nang-cracker-dispenser-rubber-grip,"[('nang cracker', 0), ('nang cracker', 1)]",Premium Cream Charger / Nang Cracker Dispenser,
136,https://www.nangwizard.net/,"[('nangs delivery near me', 0), ('nangs delivery near me', 1), ('melbourne nang delivery', 0), ('melbourne nang delivery', 1), ('nangs buy', 0), ('nangs buy', 1), ('nangs near me', 0), ('nangs near me', 1), ('melbourne nangs delivery', 0), ('melbourne nangs delivery', 1), ('nang delivery', 0), ('nang delivery', 1), ('nangs buy melbourne', 0), ('nangs delivery', 0), ('nangs delivery', 1), ('melbourne nangs', 0), ('melbourne nangs', 1), ('nangs delivery melbourne', 0), ('nangs delivery melbourne', 1), ('buy nangs', 0), ('buy nangs', 1), ('nangs melbourne', 0), ('nangs melbourne', 1), ('where to buy nangs', 0), ('where to buy nangs', 1), ('best nangs', 0), ('best nangs', 1), ('nang city', 0), ('nang city', 1)]","Nang Delivery Melbourne, Cream Chargers (Super Fast ...","NangWizard is Melbourne's fastest nang delivery service, with over 90+ five star reviews from happy customers. Order online with the Wizard today!"
137,https://www.nangwizard.net/nangs-delivery-brisbane/,"[('nangs delivery brisbane', 0), ('nangs delivery brisbane', 1), ('nangs brisbane', 0), ('nangs brisbane', 1)]",Brisbane - Nangs & Cream Chargers Delivery,Looking for top-quality whipped cream chargers to order online in Brisbane and the nearby area? NangWizard is the company for you.
138,https://www.nangwizard.net/nangs-delivery-geelong/,"[('all night nangs', 0), ('all night nangs', 1)]",Geelong - Nangs & Cream Chargers Delivery,"Whipped cream lovers in the Geelong area rejoice! NangWizard offers top quality chargers and accessories, with rapid delivery at competitive prices."
139,https://www.nangwizard.net/product-category/creamchargers/,"[('cream chargers', 0), ('cream chargers', 1), ('whipped cream chargers', 0), ('whipped cream chargers', 1), ('nangs cream chargers', 0), ('nangs cream chargers', 1)]",Cream Chargers,"Each SSES cream charger or bulb is filled with pure and culinary-grade Nitrous Oxide (N2O) gas that they've imported from P.R.C. And since it's high-quality, ..."
140,https://www.nangwizard.net/product/best-whip-cream-chargers/,"[('best nangs', 0), ('best nangs', 1)]",Best Whip Cream Chargers/Dispensers,"Their N2) whipped cream chargers are one of the best available, and you can find them here at Nang Wizard. We offer our customers a wide choice of BestWhip ..."
141,https://www.nisbets.com.au/kitchenware-and-storage/pastry-and-baking-supplies/cream-chargers-and-whippers/_/a33-3,"[('cream chargers', 0), ('cream chargers', 1), ('whipped cream chargers', 0), ('whipped cream chargers', 1)]","Cream Whippers & Chargers, Whipped Cream Dispensers","Each whipped cream dispenser is available with compatible cream chargers that chill your cream instantly, keeping it light and airy. Your cream whipper is ..."
142,https://www.partynangs.com/,"[('all night nangs', 0), ('all night nangs', 1)]",Delivery | Party Nangs | Bendigo,Night club. Welcome. Public-Holiday 11am-4am. Mon-Thurs 12pm-2am. Fri-Sun 11am-4am ... ©2022 Party Nangs - All Rights Reserved. Phone · Email. Facebook. bottom of ...
143,https://www.partynangs.com/product-page/bundle-pack-200-whip-cream-chargers-mini-dispenser,"[('nangs cream chargers', 1)]",BUNDLE PACK 200 Whip Cream Chargers & Mini Dispenser,250ml Mini Dispenser. PARTY NANGS. Email: support@partynangs.com. Facebook: Party Nangs Instagram: Instagram.com/partynangs/. ©2022 Party Nangs - All Rights ...
144,https://www.partynangs.com/product-page/whip-cream-chargers-600-pack,"[('best nangs', 1)]",BEST DEAL Whip Cream Chargers 600 Pack,BEST DEAL Whip Cream Chargers 600 Pack. $480.00 Regular Price. $395.00Sale Price. Quantity. Add to Cart. Whip Cream Chargers 600 Pack. PARTY NANGS.
145,https://www.quicknangs.com.au/,"[('nangs delivery near me', 0), ('nangs delivery near me', 1), ('nangs buy', 0), ('nangs buy', 1), ('nangs near me', 0), ('nangs near me', 1), ('nangs sydney', 0), ('nangs sydney', 1), ('nang delivery', 0), ('nang delivery', 1), ('nangs delivery', 0), ('nangs delivery', 1), ('nang sydney', 0), ('nang sydney', 1), ('buy nangs', 0), ('buy nangs', 1), ('where to buy nangs', 0), ('where to buy nangs', 1)]",Nangs Delivery | Cream Chargers | Quick 24/7 Sydney Free ...,"Cream Chargers, Nangs Delivery and Cream Canisters in Sydney, shop at Quicknangs. We have it all ready to be delivered to you, with a simple, safe & secure ..."
146,https://www.quicknangs.com.au/post/unveiling-the-mystery-what-is-a-nang-cracker-cream-chargers-near-me,"[('nang cracker', 0), ('nang cracker', 1)]",What is a Nang Cracker? (Cream Chargers near me),5 Jan 2024 — 
147,https://www.quicknangs.com.au/shop,"[('nangs cream chargers', 0), ('nangs cream chargers', 1)]",Shop Cream Chargers,"Buy Cream Chargers Online, Nangs Delivery and Cream Canisters from Sydney's leading provider. Trusted and secure shopping. www.Quicknangs.com.au to get ..."
148,https://www.quickwhip.com.au/,"[('cream chargers', 1), ('whipped cream chargers', 0), ('whipped cream chargers', 1), ('buy nangs', 0), ('buy nangs', 1)]",Cream Chargers & Cream Whippers | Australia,Australia's leading supplier of QuickWhip and SupremeWhip whipped cream chargers & cream dispensers. Quickwhip has got you covered with fast and free ...
149,https://www.quickwhip.com.au/?srsltid=AfmBOorMKhWafhHgao8UFxUO2ojvN871Tus_FTeAYnLkMa1LJdzRL09B,"[('cream chargers', 0)]",Cream Chargers & Cream Whippers | Australia – quickwhip ...,Australia's leading supplier of QuickWhip and SupremeWhip whipped cream chargers & cream dispensers. Quickwhip has got you covered with fast and free ...
150,https://www.quickwhip.com.au/collections/cream-chargers,"[('nangs buy', 0), ('cream chargers', 1), ('whipped cream chargers', 0), ('buy nangs', 0), ('where to buy nangs', 0), ('where to buy nangs', 1), ('nitrous oxide buy', 1), ('buy nitrous oxide canisters', 1), ('buy nitrous oxide', 1), ('nitrous oxide canisters for sale', 1), ('nitrous oxide for sale', 1), ('nitrous oxide canisters', 1)]",Buy Whipped Cream Chargers QuickWhip,
151,https://www.quickwhip.com.au/collections/cream-chargers?srsltid=AfmBOoo3nay4-txVcPIiVTORyLS96g_r13Rqdkm-troPA3wrp0zysAtV,"[('nitrous oxide whipped cream', 0)]",Buy Whipped Cream Chargers QuickWhip,"Cream chargers are filled with nitrous oxide (N20) gas. The gas itself is odourless, noncombustible and non-toxic. Cream chargers are designed to be used with ..."
152,https://www.quickwhip.com.au/collections/cream-chargers?srsltid=AfmBOooI6zOGlG3RK4lC0AaBg7ZCZU8dgwaimUy6KudMuvav-5Pr1Q0D,"[('nitrous oxide canister', 0)]",Buy Whipped Cream Chargers QuickWhip,"Cream chargers are small silver canisters, these canister chargers are filled with pressurised nitrous oxide (N20) gas. This canister provides culinary ..."
153,https://www.quickwhip.com.au/collections/cream-chargers?srsltid=AfmBOooQOb7WtceKqO8f4WFQXNjJyAyxZg023uqcKEASnXG_bJSSlm7v,"[('buy nitrous oxide', 0)]",Buy Whipped Cream Chargers QuickWhip,"Our new ELITE SERIES NITROUS OXIDE infusion chargers are manufactured and certified PURE NITROUS OXIDE (N2O), and are of the highest quality and best value ..."
154,https://www.quickwhip.com.au/collections/cream-chargers?srsltid=AfmBOooRLxTxkHTSeqhXBHDkXnwsEUt7nJU459QhQb_6FOJxBKCVZv6t,"[('nangs cream chargers', 0)]",Buy Whipped Cream Chargers QuickWhip,"Cream chargers are small silver canisters, these canister chargers are filled with pressurised nitrous oxide (N20) gas. This canister provides culinary chefs ..."
155,https://www.quickwhip.com.au/collections/cream-chargers?srsltid=AfmBOoogzX9kgOM4rD-GC_vTBcytkQGe3eUDIbQMoHRTxcf1t9ynoerO,"[('where to buy nitrous oxide', 0)]",Buy Whipped Cream Chargers QuickWhip,Our new ELITE SERIES NITROUS OXIDE infusion chargers are manufactured and certified PURE NITROUS OXIDE ... Buy cheap cream chargers at SupremeWhip today!
156,https://www.quickwhip.com.au/collections/cream-chargers?srsltid=AfmBOook6PolTpKsT6VM_7d6NAMcqJ1H_l3RV8gbwgCELg5ItFgmjbeU,"[('where to buy nitrous oxide', 1)]",Buy Whipped Cream Chargers QuickWhip,Our new ELITE SERIES NITROUS OXIDE infusion chargers are manufactured and certified PURE NITROUS OXIDE ... Buy cheap cream chargers at SupremeWhip today!
157,https://www.quickwhip.com.au/collections/cream-chargers?srsltid=AfmBOoonEtayLMqxXJVu9q0dkD2o1su8rCHlxLynpZ6lr65lJJs0Ugt3,"[('buy nitrous oxide canisters', 0)]",Buy Whipped Cream Chargers QuickWhip,"Cream chargers are small silver canisters, these canister chargers are filled with pressurised nitrous oxide (N20) gas. This canister provides culinary ..."
158,https://www.quickwhip.com.au/collections/cream-chargers?srsltid=AfmBOop5ArEuEmP7ccLcyX5baaXgl9Se7ujwKUXSniPzF3hTC-jsWT_W,"[('nitrous oxide tank', 1)]",Buy Whipped Cream Chargers QuickWhip,"Cream chargers are small silver canisters, these canister chargers are filled with pressurised nitrous oxide (N20) gas. This canister provides culinary chefs ..."
159,https://www.quickwhip.com.au/collections/cream-chargers?srsltid=AfmBOopK0x-yfBxLkkAQt_kyH0DtTmprf39rWNxkISdKtxOvqkAxjWD7,"[('nitrous oxide for sale', 0)]",Buy Whipped Cream Chargers QuickWhip,"Cream chargers are filled with nitrous oxide (N20) gas. The gas itself is odourless, noncombustible and non-toxic. Cream chargers are designed to be used with ..."
160,https://www.quickwhip.com.au/collections/cream-chargers?srsltid=AfmBOopNS4RoS9N45Ev2OMHmHpJ8p_o_x9k9yrSizMTzGqDGD6usW_SC,"[('nitrous oxide buy', 0)]",Buy Whipped Cream Chargers QuickWhip,"Our new ELITE SERIES NITROUS OXIDE infusion chargers are manufactured and certified PURE NITROUS OXIDE (N2O), and are of the highest quality and best value ..."
161,https://www.quickwhip.com.au/collections/cream-chargers?srsltid=AfmBOopOLRGQpW6t0nDAlOs2W8gUdiyp5KcRXrqWivI7f1Fpx-EdodQp,"[('nitrous oxide tank', 0)]",Buy Whipped Cream Chargers QuickWhip,"Cream chargers are small silver canisters, these canister chargers are filled with pressurised nitrous oxide (N20) gas. This canister provides culinary chefs ..."
162,https://www.quickwhip.com.au/collections/cream-chargers?srsltid=AfmBOopjm8168VfJO_0-E5ovDxV07WI7OV74a2wmYIoXqi9YdQc6PJEp,"[('nitrous oxide canister', 1)]",Buy Whipped Cream Chargers QuickWhip,"Cream chargers are small silver canisters, these canister chargers are filled with pressurised nitrous oxide (N20) gas. This canister provides culinary ..."
163,https://www.quickwhip.com.au/collections/cream-chargers?srsltid=AfmBOoqbTy1mUtK9_CtfbkW3nTvLO9RKJz5d7bkiKALU4U9QXkRYA53L,"[('cream chargers', 0)]",Buy Whipped Cream Chargers QuickWhip,"We stock a whole array of cream charger canisters, choose from 8g cream chargers to impressive 2050g canisters, when shopping for all your cream charger needs ..."
164,https://www.quickwhip.com.au/collections/cream-chargers?srsltid=AfmBOoqdQsaHQToERlFsk0tbVXsDQyBh3EYY1TJSDpmqhic2t37TzMbC,"[('nitrous oxide canisters', 0)]",Buy Whipped Cream Chargers QuickWhip,"Cream chargers are small silver canisters, these canister chargers are filled with pressurised nitrous oxide (N20) gas. This canister provides culinary ..."
165,https://www.quickwhip.com.au/collections/cream-chargers?srsltid=AfmBOoqecN4ZrsOVKN-CkktAt5pzX7_TjATsVWr-KLXig2RgtRlcysRg,"[('nitrous oxide canisters for sale', 0)]",Buy Whipped Cream Chargers QuickWhip,"Cream chargers are small silver canisters, these canister chargers are filled with pressurised nitrous oxide (N20) gas. This canister provides culinary ..."
166,https://www.quickwhip.com.au/collections/freshwhip-infusion-n20-chargers?srsltid=AfmBOoqm7covr5kMwbIJE2l35F-QO8UVCQMD94TSEYfVzcmCWuuat3KK,"[('nitrous oxide whipped cream', 0)]",Fresh Whip Flavoured Cream Chargers (6),"Each 8.2g Fresh Whip N2O cream charger is packed full of pure, food-grade nitrous oxide (N2O gas). This means you don't need to worry about our flavour ..."
167,https://www.quickwhip.com.au/collections/freshwhip-infusion-n20-chargers?srsltid=AfmBOorOQK1hMob2L-ZhJGGvjEXY53dyTjBxtt9Pl-JQ3FBjYB5Z7FcK,"[('nitrous oxide whipped cream', 1)]",Fresh Whip Flavoured Cream Chargers (6),"Each 8.2g Fresh Whip N2O cream charger is packed full of pure, food-grade nitrous oxide (N2O gas). This means you don't need to worry about our flavour ..."
168,https://www.quickwhip.com.au/collections/nitrous-oxide-cylinders,"[('buy nitrous oxide canisters', 1), ('buy nitrous oxide', 1)]",Nitrous Oxide Cylinders (17),Get the best deals on the biggest N2O cylinders on the market. Wholesale Prices ✓ Customer-loved ✓ Culinary-Grade ✓ Shop now.
169,https://www.quickwhip.com.au/collections/nitrous-oxide-cylinders?srsltid=AfmBOooOgcR9XyGGOt_Ixjs0Gejn1q28ZA5268KrNiww9LSzybFa4VWj,"[('nitrous oxide tank', 0)]",Nitrous Oxide Cylinders (17),"N2O tanks come in various cylinder sizes, but the most common one for home use is the 580g tank. This size offers plenty of gas for whipping cream and lasts ..."
170,https://www.quickwhip.com.au/collections/nitrous-oxide-cylinders?srsltid=AfmBOooPnja4c2zz5-6WSxZH_506TqUkf6xDcfDNg-a7k03zywEMeXYm,"[('nitrous oxide canisters for sale', 0)]",Nitrous Oxide Cylinders (17),
171,https://www.quickwhip.com.au/collections/nitrous-oxide-cylinders?srsltid=AfmBOoo_NlOqWj7Y-_-HaqUOxJRxfuRXA0mqVc1whEH5ypYYUDBK1JG-,"[('buy nitrous oxide', 0)]",Nitrous Oxide Cylinders (17),Get the best deals on the biggest N2O cylinders on the market. Wholesale Prices ✓ Customer-loved ✓ Culinary-Grade ✓ Shop now.
172,https://www.quickwhip.com.au/collections/nitrous-oxide-cylinders?srsltid=AfmBOop6n-cMVSZMOKiOHr_a7W4TQTZ4lB5QCoGHBeLK5x_lnzsDmva-,"[('nitrous oxide buy', 0)]",Nitrous Oxide Cylinders (17),Get the best deals on the biggest N2O cylinders on the market. Wholesale Prices ✓ Customer-loved ✓ Culinary-Grade ✓ Shop now.
173,https://www.quickwhip.com.au/collections/nitrous-oxide-cylinders?srsltid=AfmBOop72OZbR9DC6CvQk1TQtqUIMjjD25yJ-Zn7O9frcU9OVHQqdZCh,"[('where to buy nitrous oxide', 1)]",Nitrous Oxide Cylinders (17),Get the best deals on the biggest N2O cylinders on the market. Wholesale Prices ✓ Customer-loved ✓ Culinary-Grade ✓ Shop now.
174,https://www.quickwhip.com.au/collections/nitrous-oxide-cylinders?srsltid=AfmBOopRDdRvjx0aA8amDpTamSH7Xk_Z8Cd1YWz_-S70UF6pSe1PrhVx,"[('nitrous oxide canisters', 0)]",Nitrous Oxide Cylinders (17),"Nitrous oxide gas cylinders are suitable for bars, commercial kitchens, cafes, bakeries and more. · ✓ Large quantity: With over 30 times more supply than ..."
175,https://www.quickwhip.com.au/collections/nitrous-oxide-cylinders?srsltid=AfmBOopgUn1wpSs1Bjs3YW4hvEtXqyqEj8gtgpL95k0lDGln-EI1fkgA,"[('buy nitrous oxide canisters', 0)]",Nitrous Oxide Cylinders (17),Get the best deals on the biggest N2O cylinders on the market. Wholesale Prices ✓ Customer-loved ✓ Culinary-Grade ✓ Shop now.
176,https://www.quickwhip.com.au/collections/nitrous-oxide-cylinders?srsltid=AfmBOoqdjCt8PFUg_7kRQZb990ireJAURhNfOe1CHu3NGexy_kJ80AdH,"[('where to buy nitrous oxide', 0)]",Nitrous Oxide Cylinders (17),Get the best deals on the biggest N2O cylinders on the market. Wholesale Prices ✓ Customer-loved ✓ Culinary-Grade ✓ Shop now.
177,https://www.quickwhip.com.au/collections/nitrous-oxide-cylinders?srsltid=AfmBOoreavzTV9wpYnH1yuwZSBXyX-qTHr3V6PlyR7xtyc44T55OxepS,"[('nitrous oxide for sale', 0)]",Nitrous Oxide Cylinders (17),
178,https://www.quickwhip.com.au/collections/wholesale?srsltid=AfmBOorTB3CMPBiLiPdgrcceg12cUUTE6JrPUNalxs6w9G71n-k-AZ93,"[('nitrous oxide canister', 0)]",Whipped Cream Chargers Wholesale (30),Our new ELITE SERIES NITROUS OXIDE infusion chargers are manufactured and certified PURE NITROUS OXIDE ... canister is packed full of food-grade nitrous ...
179,https://www.reddit.com/r/NitrousOxide/comments/vi4nbm/best_nangs/,"[('best nangs', 0), ('best nangs', 1)]",Best nangs : r/NitrousOxide,Soz guys same question new guy what's the best nangs to order In Australia can't seem to find a good one.
180,https://www.reddit.com/r/brisbane/comments/11qr9dj/cream_chargers_nangs_where_to_buy_brisbane/,"[('nangs brisbane', 0), ('nangs brisbane', 1)]",Cream chargers (nangs) where to buy Brisbane,Hey where can I buy cream chargers in Brisbane preferably north side thats not online?
181,https://www.shopgalaxygas.com/collections/all-nitrous-products-n2o?srsltid=AfmBOoq4gypGBTnxbZdSe32No3gj2Rq0qj_6HhmSfDXhjyuSr--IsM6V,"[('nitrous oxide tank', 1)]","ALL NITROUS PRODUCTS - N2O - Tanks, whip chargers, ...",Galaxy Gas Infusion XL 0.95L 580g Nitrous Oxide N2O Tank Blueberry Mango. $44.99 – $269.47.
182,https://www.skywhip.com.au/,"[('nitrous oxide buy', 1), ('buy nitrous oxide canisters', 1), ('buy nitrous oxide', 1)]",Skywhip Australia,Skywhip cream chargers are filled with 8.4g/580g/660g/3.3l of certified pure culinary-grade nitrous oxide N2O gas. Every cream charger is hand-picked to ...
183,https://www.skywhip.com.au/?srsltid=AfmBOor1gaNE74vDACgOO-dkixMG5STRzrF0zUwO7RzCnrg9-nwaX1k1,"[('buy nitrous oxide', 0)]",Skywhip Australia,Maximize savings on your next order. Discover the secret to professional-grade whipped cream and frothy beverages with our high-quality nitrous oxide canisters.
184,https://www.supagas.com.au/products/ZXNITOX,"[('nitrous oxide buy', 0), ('nitrous oxide buy', 1), ('where to buy nitrous oxide', 0), ('where to buy nitrous oxide', 1), ('buy nitrous oxide', 0), ('nitrous oxide for sale', 0), ('nitrous oxide for sale', 1), ('nitrous oxide tank', 0), ('nitrous oxide tank', 1)]",Nitrous Oxide,"Nitrous Oxide is colourless, non-flammable, non-toxic gas with a slightly sweetish taste and odour. It is supplied in metal high pressure cylinders as a ..."
185,https://www.supreme-whip.com/collections/0-95-cylinders,"[('buy nitrous oxide canisters', 1), ('nitrous oxide canisters for sale', 1)]",Nitrous Oxide Canisters & Tanks | 580g N2O Canisters,"The Best Place To Buy Nitrous Oxide Canisters. At SupremeWhip, we sell a wide range of food-grade nitrous oxide tanks, each containing around 100x more compared ..."
186,https://www.supreme-whip.com/collections/0-95-cylinders?srsltid=AfmBOoo8K0qKtBaFYKPbxeVOE9Tmd12HQrZLKnN-D5miTmn1BM3YE-SE,"[('buy nitrous oxide canisters', 0)]",Nitrous Oxide Canisters & Tanks | 580g N2O Canisters,"The Best Place To Buy Nitrous Oxide Canisters. At SupremeWhip, we sell a wide range of food-grade nitrous oxide tanks, each containing around 100x more compared ..."
187,https://www.supreme-whip.com/collections/0-95-cylinders?srsltid=AfmBOooYEeQVL9o_g0ibfEmRZHJ_289M9dP4GbFf1g6yFcRS57d5Bmrh,"[('nitrous oxide canisters for sale', 0)]",Nitrous Oxide Canisters & Tanks | 580g N2O ...,"The Best Place To Buy Nitrous Oxide Canisters​​ At SupremeWhip, we sell a wide range of food-grade nitrous oxide tanks, each containing around 100x more compared ..."
188,https://www.supremewhip.com.au/,"[('cream chargers', 1), ('whipped cream chargers', 0), ('whipped cream chargers', 1)]",SupremeWhip AU: SupremeWhip - Cream Chargers ...,"Our SupremeWhip cream chargers contain the highest quality nitrous oxide and are also finished in a shinier, zinc coating – making them the perfect accessory ..."
189,https://www.supremewhip.com.au/?srsltid=AfmBOooGVTyKAvmRjDf0TKaZQ8GPnpaTqAG2w4QnyrCTC-Q6fcTiYjz1,"[('nangs cream chargers', 1)]",SupremeWhip AU: SupremeWhip - Cream Chargers ...,"Australia's leading cream charger specialist, with fast and free delivery Australia wide. We only sell the best quality products, with free shipping to ..."
190,https://www.supremewhip.com.au/?srsltid=AfmBOoq8WJMZxHIE5OCUZDhlmyJqCJ6flOVSdsa9wVgnvMJh3fBQsg2_,"[('cream chargers', 0)]",SupremeWhip AU: SupremeWhip - Cream Chargers ...,"Our SupremeWhip cream chargers contain the highest quality nitrous oxide and are also finished in a shinier, zinc coating – making them the perfect accessory ..."
191,https://www.supremewhip.com.au/?srsltid=AfmBOoqgeVLYfQ5aG7tLDmjWSEAs528v9ugVC149dJq1nX2oIeekIKQc,"[('nangs cream chargers', 0)]",SupremeWhip - Cream Chargers & Dispensers,"Australia's leading cream charger specialist, with fast and free delivery Australia wide. We only sell the best quality products, with free shipping to ..."
192,https://www.supremewhip.com.au/?srsltid=AfmBOoqyb1eWDKET1lNCbfcNUvpVBRxdZ7d6--PP7Q4e-VFxLjX5R4uy,"[('nitrous oxide whipped cream', 1)]",SupremeWhip AU: SupremeWhip - Cream Chargers ...,"A whipped cream charger is a steel cartridge filled with nitrous oxide gas used to create fresh whipped cream at a moment's notice. To use a cream charger, you ..."
193,https://www.supremewhip.com.au/?srsltid=AfmBOorDDFtKzO_T3nzcaLY79SuQL6czybLpVKssRF-guQNo1bDpCBfw,"[('nitrous oxide whipped cream', 0)]",SupremeWhip AU: SupremeWhip - Cream Chargers ...,"A whipped cream charger is a steel cartridge filled with nitrous oxide gas used to create fresh whipped cream at a moment's notice. To use a cream charger, you ..."
194,https://www.supremewhip.com.au/collections/0-95-culinary-grade-cylinders-580g-n20-canisters,"[('nitrous oxide buy', 1), ('buy nitrous oxide canisters', 1), ('nitrous oxide canisters for sale', 1), ('nitrous oxide canisters', 1)]",Max Cream Charger Canisters - SupremeWhip AU,Upgrade your nitrous oxide supply with food-grade N2O cylinders. Free & Fast Delivery ✓ Bulk Availability ✓ Trusted Supplier ✓ Buy Online Today →
195,https://www.supremewhip.com.au/collections/0-95-culinary-grade-cylinders-580g-n20-canisters?srsltid=AfmBOoocZxrXGGnM4m79j2OtIQGhP8qUpO9PX8Co0pbRK36iibftTjzB,"[('nitrous oxide canister', 1)]",Max Cream Charger Canisters - SupremeWhip AU,"Containing 580g of pure nitrous oxide, use the right amount each time without leaving any to waste. Available to buy as 1, 2, 3, 4, 5, 6, 12, 18 & 24; you can ..."
196,https://www.supremewhip.com.au/collections/0-95-culinary-grade-cylinders-580g-n20-canisters?srsltid=AfmBOopItVGhE4QNFFD2QXpLAow4segx_Sq66AEbP19l3LuJs2GdNoSm,"[('buy nitrous oxide canisters', 0)]",Max Cream Charger Canisters - SupremeWhip AU,"Cheap prices, top-quality nitrous oxide; Free delivery on orders over $100. If ... Get more from your whipped cream every time with 580g N2O canisters."
197,https://www.supremewhip.com.au/collections/0-95-culinary-grade-cylinders-580g-n20-canisters?srsltid=AfmBOopXTCQarxTWjOhn84jU1q5zPJv09UlK4JVZZkizcuamXQqEzCqH,"[('nitrous oxide canisters for sale', 0)]",Max Cream Charger Canisters - SupremeWhip AU,"Containing 580g of pure nitrous oxide, use the right amount each time without leaving any to waste. Available to buy as 1, 2, 3, 4, 5, 6, 12, 18 & 24; you can ..."
198,https://www.supremewhip.com.au/collections/0-95-culinary-grade-cylinders-580g-n20-canisters?srsltid=AfmBOoqViEBz_f-9t0C_DMlX6IcSmhicb5xdCo6i6-IxkvILHnzObnHX,"[('nitrous oxide canisters', 0)]",Max Cream Charger Canisters - SupremeWhip AU,"Containing 580g of pure nitrous oxide, use the right amount each time without leaving any to waste. Available to buy as 1, 2, 3, 4, 5, 6, 12, 18 & 24; you can ..."
199,https://www.supremewhip.com.au/collections/0-95-culinary-grade-cylinders-580g-n20-canisters?srsltid=AfmBOoqo7wH7kZ7a9UlXg0WhBVExDTqFve3ZM4nUqfYyQoJUmm9DICAv,"[('nitrous oxide canister', 0)]",Max Cream Charger Canisters - SupremeWhip AU,"Containing 580g of pure nitrous oxide, use the right amount each time without leaving any to waste. Available to buy as 1, 2, 3, 4, 5, 6, 12, 18 & 24; you can ..."
200,https://www.supremewhip.com.au/collections/sale,"[('nitrous oxide for sale', 1)]",Cheap Cream Chargers - SupremeWhip AU,... of 10pm and 5am. FOR WA CUSTOMERS WA will limit the sale of nitrous oxide cream chargers exclusively to registered food and beverage businesses.
201,https://www.supremewhip.com.au/collections/whipped-cream-dispensers?srsltid=AfmBOorC6kyYt4G-RlmFJciiDdC-erFPwJfq17LmHOqXHX8_vmDAboRF,"[('nitrous oxide whipped cream', 1)]","Whipped Cream Dispensers, Australia - SupremeWhip AU","Convenience: A nitrous oxide whipped cream dispenser is incredibly easy to use; simply fill the dispenser with cream, add a charger, and press the lever to ..."
202,https://www.supremewhip.com.au/collections/whipped-cream-dispensers?srsltid=AfmBOorsLMgcpWnZ648JpSGjKGEdBVldZZNA42G9QOj3-gpQqbHLjr8R,"[('nitrous oxide whipped cream', 0)]","Whipped Cream Dispensers, Australia - SupremeWhip AU","Convenience: A nitrous oxide whipped cream dispenser is incredibly easy to use; simply fill the dispenser with cream, add a charger, and press the lever to ..."
203,https://www.talktofrank.com/drug/nitrous-oxide,"[('nitrous oxide canister', 0), ('nitrous oxide canister', 1), ('nitrous oxide canisters', 0), ('nitrous oxide canisters', 1)]",Nitrous Oxide | Laughing Gas,Nitrous oxide is a colourless gas that's most commonly found in pressurised metal canisters. You may have seen these shiny metal canisters or 'whippets' lying ...
204,https://www.tripadvisor.com.au/Attractions-g298085-Activities-c42-t224-Da_Nang.html,"[('nang city', 0), ('nang city', 1)]",THE 10 BEST Da Nang City Tours (with Prices),City Tours in Da Nang · 1. Real snorkel & island hopping trip by SPEEDBOAT with small group · 2. Golden Bridge & Ba Na Hills 1 Day including buffets lunch & 2 ...
205,https://www.vpw.com.au/automotive/forced-induction/nitrous-systems/,"[('nitrous oxide for sale', 0), ('nitrous oxide for sale', 1)]",Nitrous Oxide Systems For Sale,"Looking for easy-to-install, high-performance nitrous oxide systems for sale? If you want the best nitrous system, make sure you shop at VPW!"
206,https://www.wa.gov.au/government/media-statements/Cook-Labor-Government/Toughest-%27nang%27-rules-in-Australia-to-protect-WA-kids-20240324,"[('nangs perth', 1)]",Toughest 'nang' rules in Australia to protect WA kids,24 Mar 2024 — 
207,https://www.whipcosydney-order.com/?srsltid=AfmBOoqbRUU4euA4-qLaKt_HkhaYkrq57YZtCGNRxovOi9-Oa4hlvjuC,"[('nang sydney', 1)]",Whipco 24/7 Nang Delivery Sydney - New Flavoured Silencer ...,"We are open 24/7 and deliver to most Sydney regions within 10-30 minutes. We have a large number of drivers all over Sydney, so you can be sure that we will be ..."
208,https://www.whipcosydney-order.com/?srsltid=AfmBOoqsAc1oBepCI1u7P8w5Eh2CUvGoHjTNvgIrEeIcJv5Lfufhcspa,"[('nangs sydney', 1)]",Whipco 24/7 Nang Delivery Sydney - New Flavoured Silencer ...,"Fastest Sydney Cream Delivery. Buy Ezywhip Whipped Cream Chargers Near Me, Freshwhip Strawberry Flavoured Chargers, 1L / 2.2L / 3.3L Whipright Tanks, ..."
209,https://www.whipcosydney-order.com/?srsltid=AfmBOoridEegrGLSG3tQu0VEqWBZWBkFT-kVlhYFhylzZ-BZr08itRhi,"[('nang sydney', 0)]",Whipco 24/7 Nang Delivery Sydney - New Flavoured Silencer ...,"We are open 24/7 and deliver to most Sydney regions within 10-30 minutes. We have a large number of drivers all over Sydney, so you can be sure that we will be ..."
